,cell_id,Cell_Depth,Cell_Layer,Cell_TargetedBrainArea,cell_type,firing_rate,ap_threshold,ap_duration,mean_vm,std_vm,fft_low,fft_high,wp_amplitude_pre_FW,wp_amplitude_post_FW,vm_amplitude_pre_FW,vm_amplitude_post_FW,ap_fr_pre_FW,ap_fr_post_FW,wp_amplitude_pre_AT,wp_amplitude_post_AT,vm_amplitude_pre_AT,vm_amplitude_post_AT,ap_fr_pre_AT,ap_fr_post_AT
0,AP032_1,158.0,L2/3,C2,PV,0.875,-0.04079475117773216,0.6089285714285715,-0.06437776473111408,0.005947502278053861,0.0007630806206011714,7.018338664693038e-05,-139.53677739938078,-135.22651640866872,-55.50415542239027,-55.39955984731705,23.24110439374549,27.065589926893487,193.53764031172648,199.91871736058147,-50.443262993266494,-47.84768045514072,34.45793694240046,78.61112095543491
2,AP035_1,188.0,L2/3,C2,PV,2.1,-0.03756243564859375,0.786111111111111,-0.05827315927113142,0.006373929762752708,0.0007745767571784868,5.288109113727105e-05,-131.40695986842107,-125.81132697368423,-54.33465303905217,-59.05684237074894,24.381095273818456,7.501875468867217,193.53764031172645,199.9187173605815,-50.443262993266494,-47.84768045514072,34.45793694240046,78.61112095543491
3,AP035_2,196.0,L2/3,C2,PV,0.9,-0.03169538079383467,0.8495370370370371,-0.055222131621159576,0.006060669858140233,0.0008369418140729768,6.878772964906073e-05,-132.79456842105265,-118.6967447368421,-50.06049641435359,-53.241710248047355,39.17646078186213,19.588230390931066,193.53764031172648,199.9187173605815,-50.443262993266494,-47.84768045514071,34.45793694240045,78.61112095543491
4,AP039_1,160.0,L2/3,C2,SST,0.5666666666666667,-0.040215082494531026,0.8661764705882352,-0.060516883633142275,0.004220243079199722,0.0005134052572894058,5.4187069140740186e-05,-146.46666315789474,-138.43211754385968,-57.92833911161124,-62.28408875135451,0.0,0.0,191.99794880768286,199.7563996003486,-52.285499861605125,-51.649054837692134,8.013646023467118,18.354518047608483
5,AP039_2,176.0,L2/3,C2,SST,1.2747252747252746,-0.03968324613551654,0.7668103448275864,-0.06443765798966383,0.005903983735245558,0.0007188565513169434,5.905398700772535e-05,-148.67983481781377,-140.6017643724696,-49.70969668119739,-54.663018667117605,5.001250312578146,1.1541346875180334,191.99794880768283,199.7563996003486,-52.28549986160512,-51.64905483769214,8.013646023467118,18.354518047608483
6,AP040_1,204.0,L2/3,C2,SST,26.771428571428572,-0.03778633227548316,0.6136606189967982,-0.04544584364862761,0.005674471178797295,0.0007068898473244111,7.87107562959701e-05,-141.00184736842107,-135.2672403508772,-52.63271391431191,-54.8693890489289,3.3341668750520963,3.3341668750520963,191.99794880768283,199.7563996003486,-52.28549986160512,-51.649054837692134,8.013646023467118,18.354518047608483
7,AP040_2,210.0,L2/3,C2,SST,26.690140845070424,-0.029954324666390145,1.0489973614775725,-0.038182093659697894,0.010188907227045614,0.0009274617485880048,0.00010479444944334142,-141.12103900928793,-134.6122229102167,-63.235848934292406,-65.04805656693584,1.1767647794301517,0.0,191.99794880768283,199.75639960034863,-52.28549986160512,-51.649054837692134,8.013646023467118,18.354518047608487
8,AP040_3,192.0,L2/3,C2,SST,2.2,-0.03929690983987691,0.4712121212121213,-0.04886792349367053,0.0036043649707376306,0.00038416669539685503,3.063278507124017e-05,-139.92475789473684,-131.8963759398496,-60.62490979566321,-62.00046540135034,0.7144643303683063,0.0,191.99794880768286,199.7563996003486,-52.28549986160512,-51.64905483769213,8.013646023467118,18.354518047608487
9,AP056_1,128.0,L2/3,C2,SST,1.858695652173913,-0.045003967477724095,0.3213450292397661,-0.06000857859565572,0.0038660862269251977,0.00047153860554486536,7.65035335013981e-05,-140.52435986842102,-132.76773157894738,-49.62200405286014,-54.22631962998041,4.584479453196631,0.20838542969075602,191.99794880768283,199.75639960034863,-52.28549986160512,-51.64905483769212,8.013646023467118,18.354518047608483
10,AP056_2,178.0,L2/3,C2,SST,2.0833333333333335,-0.04270490632305334,0.2763999999999999,-0.05623449486537189,0.0035257971879181903,0.000381359969301534,5.6172767803261566e-05,-138.30713490304709,-129.54978836565098,-58.85491396321448,-61.939798122241086,1.8425659046340532,0.5264474013240152,191.99794880768283,199.75639960034857,-52.28549986160512,-51.64905483769213,8.013646023467118,18.354518047608483
11,AP060_1,192.0,L2/3,C2,PV,14.8125,-0.0412216075526507,0.2518987341772152,-0.05332958355762644,0.005411744452741634,0.0007057048167311872,8.476603975122618e-05,-138.60155488721807,-131.22273233082709,-49.22247330276347,-50.52789902342827,30.483811429047737,26.435180223627327,193.53764031172648,199.91871736058155,-50.44326299326649,-47.84768045514072,34.45793694240045,78.61112095543491
12,AP060_2,232.0,L2/3,C2,PV,12.344262295081966,-0.04053847426495521,0.2233067729083666,-0.05684518556536606,0.005765025077413024,0.0006176315279601461,9.691277910559315e-05,-128.70803873684213,-121.5174162105263,-52.59255456451184,-53.76757731988818,42.61065266316579,29.207301825456366,193.53764031172645,199.9187173605815,-50.44326299326649,-47.84768045514072,34.45793694240045,78.61112095543493
14,AP061_2,205.0,L2/3,C2,PV,127.1195652173913,-0.0445900705416304,0.3299486960239418,-0.05459218463151978,0.005998152979008677,0.0007169659556562051,7.147679346727267e-05,-140.2328278195489,-125.60749774436093,-49.433932080002144,-49.12017752493481,41.438931161361765,53.58482477762297,193.53764031172648,199.9187173605815,-50.44326299326649,-47.84768045514071,34.45793694240045,78.61112095543493
15,AP062_1,216.0,L2/3,C2,PV,4.11,-0.03640670347170952,0.903771289537713,-0.05262651583741809,0.005996807219645231,0.0008451871094313024,6.129623303292587e-05,-142.46133067150635,-131.3359932849365,-50.32743176116179,-50.69940272478926,50.52987384777229,48.80530477446948,193.53764031172645,199.9187173605815,-50.443262993266494,-47.84768045514072,34.45793694240045,78.61112095543493
16,AP066_1,208.0,L2/3,C2,SST,7.3090909090909095,-0.04534472573042432,0.41057213930348263,-0.054971418916344744,0.0034074465486769465,0.00039674712847499727,6.186784986928757e-05,-143.53010625000002,-135.14031414473683,-56.01305484903959,-58.47200718724213,3.4383595898974746,1.2503125781445363,191.99794880768286,199.7563996003486,-52.285499861605125,-51.64905483769213,8.013646023467118,18.354518047608483
17,AP066_2,194.0,L2/3,C2,SST,7.8,-0.04307518413627657,0.38897435897435895,-0.05209352411397072,0.0034476639004712307,0.0003714700293155092,6.177408629233933e-05,-145.41247948717947,-136.75629082321188,-47.67283366156856,-52.05497037535119,14.619039375228422,6.9248081251082,191.99794880768286,199.7563996003486,-52.28549986160512,-51.64905483769213,8.013646023467118,18.354518047608483
18,AP068_1,196.0,L2/3,C2,SST,1.715686274509804,-0.04720374460047799,0.33428571428571424,-0.05809558102048883,0.002793262765734079,0.0003373135274961864,5.657624840878235e-05,-142.65447162022699,-131.8344141382869,-56.998003373471114,-59.204331148444055,5.442537104864453,4.020612996386352,191.99794880768283,199.7563996003486,-52.28549986160511,-51.64905483769213,8.013646023467118,18.354518047608483
19,AP069_1,213.0,L2/3,C2,PV,6.016666666666667,-0.040317097682955806,0.47873961218836564,-0.04892527594209359,0.004012008685439766,0.0005580118963164321,4.045237575314731e-05,-140.60556076555025,-131.9132937799043,-55.26943223777535,-50.085035897610766,6.3652276705540025,10.00250062515629,193.53764031172648,199.9187173605815,-50.443262993266494,-47.84768045514072,34.45793694240045,78.61112095543493
20,CG011_1,122.0,L2/3,C2,VIP,12.55,-0.041018341746884734,0.6907038512616203,-0.047886832462831076,0.0042170917796365325,0.0004955626778302767,4.645162473351107e-05,-84.60931961722486,-78.00610015948962,-55.73257041420203,-55.050501553521954,5.228579872240787,6.592557230216644,198.31097395670798,201.8107748003112,-45.56062888633394,-44.43994667473334,30.510010902167764,43.99788501271291
21,CG015_1,175.0,L2/3,C2,VIP,3.8,-0.0403254101658913,0.4668859649122808,-0.05401540269546727,0.004855482563891311,0.0005566085946828976,7.334798528278829e-05,-79.27670155195683,-76.04668657219975,-46.80416682542101,-44.65091885914488,6.283622187598182,12.054295625188347,198.31097395670793,201.8107748003112,-45.56062888633394,-44.43994667473335,30.510010902167764,43.99788501271291
22,CG016_1,110.0,L2/3,C2,VIP,4.358333333333333,-0.04192325170479704,1.0023900573613767,-0.05557519100166291,0.007054109019315841,0.000978837158204724,4.929628969405292e-05,-90.59722842105262,-78.36937473684212,-57.8195988004001,-53.88790309024756,3.0007501875468874,9.002250562640661,198.31097395670795,201.8107748003112,-45.56062888633393,-44.43994667473334,30.510010902167767,43.99788501271291
23,CG016_2,113.0,L2/3,C2,VIP,1.34375,-0.0401444191354944,0.694186046511628,-0.061951951886977046,0.00581205224729446,0.0007155027250168624,5.928178786793392e-05,-86.26127426900582,-78.24735925925926,-52.033453511614006,-50.80336352493679,0.0,0.0,198.31097395670795,201.81077480031124,-45.56062888633394,-44.43994667473334,30.510010902167764,43.99788501271291
24,CG055_1,128.0,L2/3,C2,VIP,11.588235294117647,-0.043028797702629566,0.2685279187817258,-0.05790597278845436,0.006783587923816347,0.0009343293608140802,8.489403785142756e-05,-86.63119518161602,-80.61651489992586,-54.01612376447362,-51.961239048261106,6.621373653272474,11.552183820603041,198.31097395670795,201.81077480031124,-45.56062888633394,-44.43994667473334,30.510010902167764,43.99788501271291
25,CG055_2,130.0,L2/3,C2,VIP,30.25,-0.034839714869665785,0.6042286501377411,-0.04398966214329793,0.006001252505210762,0.0007442046060256627,0.00011941855499390511,-79.115688377193,-72.33425932017546,-55.41042679994477,-53.457038922769634,5.105443027423521,10.836042343919312,198.31097395670793,201.81077480031124,-45.560628886333944,-44.43994667473335,30.510010902167764,43.99788501271291
26,CG055_3,153.0,L2/3,C2,VIP,15.0561797752809,-0.04586787688891156,0.3164179104477612,-0.060553328044191085,0.008204086985343985,0.0011452131000079574,7.819792759449016e-05,-76.83737289113198,-72.38854448449895,-54.32382822668484,-51.05255799187007,4.179126973524204,9.043356729593356,198.31097395670795,201.81077480031124,-45.56062888633394,-44.43994667473334,30.510010902167767,43.99788501271291
27,CG055_4,150.0,L2/3,C2,VIP,1.3,-0.03634228213394534,0.9070512820512823,-0.05279048561171809,0.003934375962272224,0.000510288756244567,4.565266245415073e-05,-82.75144923599319,-71.01278981324276,-56.07377416914706,-46.531215576098816,1.9359678629334753,21.779638458001596,198.31097395670795,201.81077480031124,-45.56062888633394,-44.43994667473335,30.510010902167764,43.99788501271291
28,CG055_5,130.0,L2/3,C2,VIP,2.838709677419355,-0.03802958347596144,0.7017045454545454,-0.0541886568991566,0.004593737518253245,0.0005716213478956837,5.8002040208703356e-05,-90.55683707093823,-77.84526224256292,-54.21460880005871,-55.800530060319424,3.04423932069974,0.21744566576426716,198.31097395670795,201.81077480031124,-45.56062888633394,-44.43994667473335,30.510010902167764,43.99788501271291
29,CG076_1,157.0,L2/3,C2,VIP,2.2333333333333334,-0.040788089764014636,0.6649253731343283,-0.06262332853671697,0.006292356865153562,0.0009131681981143071,6.732335346675887e-05,-91.04832999999998,-86.85671315789473,-57.77547152469367,-57.895029849237304,0.5001250312578145,0.0,198.31097395670795,201.81077480031124,-45.56062888633394,-44.43994667473334,30.510010902167764,43.99788501271291
30,CG077_1,145.0,L2/3,C2,VIP,5.45,-0.03846000376199888,0.9827217125382264,-0.054420594028291,0.006041886534002755,0.0007920576709615511,7.504172014644953e-05,-89.2108218045113,-87.5492496867168,-53.8818238670875,-49.88453062762746,5.001250312578144,13.51528358280046,198.31097395670795,201.81077480031124,-45.56062888633394,-44.43994667473335,30.510010902167764,43.99788501271291
31,JP902_1,348.0,L2/3,C2,EXC,0.3333333333333333,-0.04099663618009124,0.6,-0.06967238778650793,0.005806220557588966,0.0006705395017302831,7.290628284695061e-05,0.9724877484815588,2.2273497954498014,-56.0433281534167,-53.91962214806288,0.7896711019860229,1.316118503310038,1.313173468112943,4.325349469220194,-57.0484254199702,-58.19486837243365,0.0,0.0
32,JP903_1,305.0,L2/3,C2,EXC,0.8779342723004695,-0.03772730600906736,1.0871657754010695,-0.055352247755847406,0.004326613262346725,0.000529572765997368,4.690836073757122e-05,8.747344990206837,16.85988908868087,-64.89550496940922,-67.53947202100149,0.7144643303683063,0.0,6.090980361938474,11.033949113633895,-68.16757480389553,-66.25880541474655,0.8008008008008007,0.0
33,JP905_1,396.0,L2/3,C2,EXC,1.0789473684210527,-0.03840935676145006,0.8500000000000001,-0.06013350067768005,0.0055781800788941484,0.0006863043681628482,6.806851030668772e-05,3.7303077640179114,6.513153056094518,-56.60465295454315,-53.57440802901633,0.2941911948575379,1.4709559742876894,7.643777950176824,10.227398811487049,-55.262388775956005,-54.55509232645354,1.5400015400015403,0.7696155770192789
34,JP906_1,223.0,L2/3,C2,EXC,0.05263157894736842,-0.041090958795185026,0.85,-0.0670417260277844,0.004512480893665419,0.0005741272343919691,6.036882712066096e-05,-0.047827611650741335,-0.9725752952403629,-57.319249164181194,-56.285464692881156,0.0,0.3572321651841531,-4.364574601790487,-0.040696181758739874,-55.65034337135593,-48.444484119922805,0.588824118235883,4.708236471176765
35,JP907_1,197.0,L2/3,C2,EXC,3.45,-0.03969625610224038,0.9695652173913043,-0.05341865555459011,0.005251485935372496,0.0007385562144461322,5.4861674772280507e-05,-0.2593089404500541,0.9033764053287345,-55.9559323102421,-56.32795435127441,0.0,0.0,-5.679911762343515,-1.9128608137295595,-53.10291857125628,-53.0957348287962,0.0,0.0
36,SC901_1,229.0,L2/3,C2,EXC,4.4,-0.03719588194111394,0.8497727272727272,-0.051749572161178314,0.004967492758495217,0.0006773152273501459,7.466773018153537e-05,2.686999986529595,6.84077577246712,-39.79395552013003,-34.49057068954739,0.0,7.501875468867217,11.702268599476364,16.124640246507916,-40.17953265765765,-35.77685644190314,5.7200057200057195,29.30036446794826
37,SC902_1,350.0,L2/3,C2,EXC,0.7833333333333333,-0.03973154791592843,0.8941489361702128,-0.06133530781100473,0.0057091521251131545,0.0007245203222472406,6.011637528863192e-05,7.995572071788687,16.283467925860815,-53.94311323366556,-48.81119241864037,0.0,0.0,118.54199028718638,124.31870464001408,-58.477714407045205,-55.737320069902836,1.1531754519362096,3.0919623747213105
38,SC903_1,550.0,L5,C2,EXC,8.826777086135232,-0.041168752217039854,0.768593331600871,-0.0547557108467496,0.004901344912903766,0.0006143115174025968,6.432689274849363e-05,126.76043070465303,134.76933226203056,-58.83078097269191,-58.118750145906716,1.6021236036484532,1.7172351682789073,2.312529823778902,9.983301947842214,-54.17235673173173,-55.152533884129575,0.0,0.0
39,SC904_1,244.0,L2/3,C2,EXC,0.38235294117647056,-0.04489408685545388,0.3269230769230769,-0.06053799634696151,0.003221260732407148,0.0003800935664057508,3.951308338630601e-05,-4.240179594341338,11.417547704315396,-46.73616450987746,-46.261128797824455,0.0,0.0,1.5123297279221608,7.777964845815338,-46.758403005278005,-42.36221523403747,0.91000091000091,1.8190913638637503
40,SC905_1,250.0,L2/3,C2,EXC,0.5952380952380952,-0.043295168657068686,0.296,-0.05625758819610608,0.0032682728993671277,0.00043672500040453703,4.4885640691097494e-05,2.865885302339484,12.530836713887828,-60.02615841460365,-55.69156867341835,0.0,0.0,5.518028488027538,12.01028697808436,-61.55317917917918,-54.99243159079539,0.8008008008008007,0.40020010005002504
41,SC906_1,250.0,L2/3,C2,EXC,8.305555555555555,-0.043835165915268204,0.4419732441471572,-0.05221706555359588,0.0033307373041975,0.00041169736233246805,5.3311247666567774e-05,-1.3107485866940025,-0.4564320907547189,-59.27924080629532,-57.29713903085146,0.0,0.0,-4.867909170249671,2.25692569767967,-52.38893919961628,-49.548517813594295,0.0,4.16875104218776
42,SC907_1,212.0,L2/3,C2,EXC,8.826777086135234,-0.041168752217039854,0.7685933316008711,-0.0547557108467496,0.004901344912903766,0.0006143115174025967,6.432689274849363e-05,126.76043070465303,134.76933226203056,-58.83078097269191,-58.118750145906716,1.6021236036484532,1.717235168278907,16.360989482667705,17.397852959868345,-56.23583620159242,-53.819198222536656,4.448893337782226,1.6675004168751042
43,SC908_1,140.0,L2/3,C2,EXC,5.541666666666667,-0.04483427677540529,0.4317669172932332,-0.05586360107995513,0.003421915621773985,0.0004166182649429441,6.303955301222407e-05,3.289981586126455,3.635459926576541,-60.92252371128497,-61.98386605579966,1.4289286607366125,0.0,12.791835194534723,15.347014369988143,-64.07659235624514,-61.505702399811014,0.0,0.0
44,SC909_1,650.0,L5,C2,EXC,8.82677708613523,-0.041168752217039854,0.7685933316008711,-0.0547557108467496,0.004901344912903766,0.0006143115174025968,6.432689274849364e-05,126.76043070465303,134.76933226203056,-58.83078097269191,-58.11875014590672,1.6021236036484532,1.717235168278907,19.37408785567564,19.23741772346247,-62.87906095433668,-61.05082761969219,2.355296472943532,1.7655886766912865
45,SC910_1,335.0,L2/3,C2,EXC,7.804347826086956,-0.04329519778331914,0.45320334261838446,-0.0524010808866898,0.003450801766309227,0.0003918022461732386,7.04927980727906e-05,0.625384414135231,12.903296298335647,-63.19201616810452,-64.17648337865717,0.0,0.0,7.664557162351131,14.77564652187108,-63.94962694549389,-56.575290770385195,0.0,0.64548403233875
46,SC911_1,225.0,L2/3,C2,EXC,49.9,-0.042633840191131214,0.23680694722778892,-0.05440378045486327,0.006485491488752567,0.0006924720541599458,0.00012976398100140066,3.4457600369799097,1.9150626734683358,-66.1752990330916,-60.576742623155795,0.0,0.0,19.5985565662384,23.08590029229058,-55.774917104604604,-44.96805009150454,0.0,28.014007003501757
47,SC912_1,198.0,L2/3,C2,EXC,24.933333333333334,-0.04431513109832564,0.23318850267379682,-0.056443371562086855,0.006522525515791341,0.0008936752128641055,9.630564858346109e-05,1.8378410529177698,5.616763793771915,-61.46266254063516,-63.34724959649003,0.0,0.0,22.21496998099393,24.804156713855352,-61.0454376614987,-53.925328434566126,0.0,0.0
48,SC913_1,516.0,L4,C2,EXC,8.826777086135232,-0.041168752217039854,0.7685933316008711,-0.0547557108467496,0.004901344912903766,0.0006143115174025968,6.432689274849364e-05,126.76043070465303,134.76933226203056,-58.830780972691905,-58.118750145906716,1.6021236036484532,1.717235168278907,14.108778449694313,20.791099490059747,-61.226507062618175,-54.1205105156745,0.0,8.893335556667223
49,SC914_1,500.0,L4,C2,EXC,8.826777086135232,-0.041168752217039854,0.7685933316008711,-0.0547557108467496,0.004901344912903766,0.0006143115174025968,6.432689274849364e-05,126.76043070465303,134.76933226203056,-58.83078097269191,-58.118750145906716,1.6021236036484534,1.717235168278907,8.893461538461537,13.807777777777778,-57.234932047432046,-54.83605396448224,1.5400015400015403,0.7696155770192789
50,SC915_1,200.0,L2/3,C2,EXC,8.826777086135232,-0.04116875221703986,0.768593331600871,-0.0547557108467496,0.004901344912903766,0.0006143115174025968,6.432689274849364e-05,126.76043070465303,134.76933226203056,-58.83078097269191,-58.11875014590671,1.6021236036484532,1.7172351682789073,2.9148660805490256,11.755729361404606,-60.01961475364253,-54.213224146795625,0.0,0.0
51,SC916_1,150.0,L2/3,C2,EXC,28.90740740740741,-0.03944939877851173,0.37062780269058293,-0.04802449771318283,0.005077176716271666,0.0006442727147514806,8.831450336171869e-05,-1.558666871221447,5.777934134131982,-66.53932311202801,-69.75583296865884,0.0,0.0,11.621465848131873,21.34735854858718,-62.18754006022619,-51.81698198295347,1.4648795136600017,14.641467075000916
52,SC917_1,190.0,L2/3,C2,EXC,1.3870967741935485,-0.042345020112088655,0.40813953488372096,-0.05339005037708527,0.0031861115283201105,0.0003942945320682891,3.6355366640211064e-05,-1.2866916321871604,5.190940232193258,-73.22146005251314,-69.14014076435777,0.0,0.0,8.05127072050021,16.692293800737097,-70.10930172961423,-57.94048610843883,0.0,0.0
53,SC918_1,300.0,L2/3,C2,EXC,6.983333333333333,-0.04046095104075707,0.373508353221957,-0.055075555091603966,0.006662567791980077,0.000925701392578275,8.73990352491357e-05,1.4911255649098147,5.172899838665072,-59.503024193548384,-59.584062942819045,0.0,0.0,16.730558379400858,20.78601512261111,-57.00805264787704,-57.10105727579699,0.455000455000455,0.0
54,SC919_1,160.0,L2/3,C2,EXC,6.970588235294118,-0.039366219626351694,0.49873417721518976,-0.05195659955138418,0.004926131779310382,0.0006302701147127709,0.00010219806627372388,1.2478392838929806,7.393244981263813,-57.17030804576144,-61.3514072268067,0.0,0.0,13.344274293804165,18.327785927115542,-59.28948923923923,-58.080841108054024,0.0,0.0
55,SC923_1,320.0,L2/3,C2,EXC,3.1333333333333333,-0.04101182304416557,0.632313829787234,-0.050299613295492325,0.003522016218155274,0.0004409471899284927,3.9781868512147384e-05,0.7509783955941538,3.7682487859128795,-57.54204404466501,-56.81429651283013,0.7694231250120223,1.1541346875180334,11.480473517281666,18.652050444103416,-52.2988634103612,-49.08218858925738,5.7200057200057195,10.57671692989352
56,SC924_1,300.0,L2/3,C2,EXC,0.54,-0.040316983608788735,0.6092592592592593,-0.06842977384567958,0.00709276949672708,0.0009543532489144442,9.193457669241401e-05,2.6691700637549642,0.6409580066571685,-60.42394869550721,-62.62432509168959,1.6670834375260482,0.0,5.029169248831672,9.677030100234118,-60.181709834834834,-52.105486024262134,0.0,9.504752376188096
57,SC925_1,170.0,L2/3,C2,EXC,4.296551724137931,-0.04789063326642356,0.47134831460674154,-0.057838797637590374,0.0032671591092363734,0.00038633829700940076,5.2772694743796816e-05,-0.8008717105263181,3.8478453947368387,-62.668912052231825,-61.90709982183046,0.0,0.0,5.759021739130432,11.064583333333333,-61.069168829155245,-56.77363049731387,0.0,0.43500010875002715
58,SC926_1,330.0,L2/3,C2,EXC,30.384615384615383,-0.043171322131557874,0.26662447257383964,-0.056545463178566596,0.006885135540177149,0.0008925935137349856,8.90506514944637e-05,-1.8953487166191356,2.494078947368418,-62.16931947830708,-64.0764462600025,0.0,0.0,7.275861937552564,12.926474344854288,-60.31708766693523,-59.90843844178186,0.4882931712200005,0.0
59,TK112_1,360.0,L4,C2,PV,7.22,-0.043484164019331056,0.7049861495844877,-0.049940975894675305,0.003252999403803329,0.0003987257402597891,3.694890749166929e-05,196.60593208020046,203.6539852130326,-52.46655644551109,-52.25004664650984,4.763095535788709,3.810476428630967,193.53764031172648,199.9187173605815,-50.44326299326649,-47.84768045514071,34.45793694240046,78.61112095543493
60,TK112_2,340.0,L2/3,C2,PV,3.4166666666666665,-0.039106793673896856,0.5219512195121951,-0.04896224178727741,0.0033804448124181504,0.00038612708395386344,6.929210153283073e-05,202.85224875346262,212.33543240997227,-55.9942998819735,-56.38169177727192,13.161185033100383,10.792171727142312,193.53764031172645,199.9187173605815,-50.44326299326649,-47.847680455140726,34.45793694240046,78.61112095543491
61,TK140_1,560.0,L5,C2,EXC,16.486486486486488,-0.04095919440695753,0.3110655737704918,-0.05709954928752552,0.00850303510379736,0.001172511501518069,9.554520332967328e-05,104.91670280701756,109.6234407017544,-54.82067287298446,-54.46256816264243,1.000250062515629,2.000500125031258,118.54199028718637,124.31870464001408,-58.4777144070452,-55.73732006990284,1.1531754519362096,3.0919623747213105
62,TK140_2,665.0,L5,C2,EXC,0.26666666666666666,-0.040715854702491776,0.59375,-0.06491651751408513,0.005432571103387226,0.0006269795307475308,9.525088262168861e-05,-107.77233759398494,-104.36628120300752,-57.165883353802,-53.725793869525674,3.572321651841531,0.7144643303683063,118.54199028718638,124.31870464001409,-58.47771440704521,-55.737320069902836,1.1531754519362098,3.091962374721311
63,TK146_1,650.0,L5,C2,EXC,1.1515151515151516,-0.03974315726004981,0.5960526315789473,-0.06287801387784858,0.00584064045576893,0.0007782990174956584,7.084694426248524e-05,-159.83100175438594,-148.2419543859649,-55.7694365853351,-54.24803597219111,0.0,5.001250312578145,118.54199028718637,124.31870464001409,-58.477714407045205,-55.73732006990284,1.1531754519362098,3.091962374721311
64,TK150_1,551.0,L5,C2,VIP,47.93333333333333,-0.03786374030928596,0.3629694019471488,-0.051129626806381376,0.007933245847151098,0.0010527981477198827,8.490126444233938e-05,-158.4861236842105,-154.08332894736841,-53.063801162330726,-53.27489143078179,31.257814453613406,21.255313828457112,198.31097395670795,201.81077480031124,-45.56062888633394,-44.43994667473334,30.510010902167767,43.99788501271291
65,TK150_2,571.0,L5,C2,VIP,35.13333333333333,-0.040879454995981265,0.3175521821631878,-0.0527119731222385,0.008342652002865334,0.0011437647744896035,8.868298616576572e-05,203.3063947368421,210.11178105263158,-51.306777044378826,-47.68984138300934,9.002250562640661,18.004501125281323,198.31097395670795,201.81077480031124,-45.56062888633393,-44.43994667473335,30.510010902167767,43.99788501271291
66,TK151_1,550.0,L5,C2,VIP,27.152173913043477,-0.0418812510102082,0.29643714971977575,-0.056117859777080295,0.008423947377069783,0.001212171938832954,0.00010524353543488528,206.98959894736845,212.92596526315788,-46.1643575316735,-44.440638990840164,34.008502125531386,47.511877969492375,198.3109739567079,201.81077480031126,-45.56062888633393,-44.43994667473335,30.510010902167767,43.99788501271291
67,TK177_1,550.0,L5,C2,SST,31.133333333333333,-0.04244514634191047,0.3375267665952891,-0.055894268414000886,0.008948975825341833,0.0012386959203409156,8.999902341963699e-05,202.35505894736843,213.53221,-47.33115734341245,-46.953635325164655,7.751937984496124,10.502625656414104,205.59161923076923,208.03351196581195,-48.403432515023724,-51.46593734908533,6.160006160006161,3.8480778850963944
68,TK181_1,586.0,L5,C2,EXC,36.04545454545455,-0.04154782196083467,0.31947036569987386,-0.054705002888786235,0.009963765155768578,0.001389227862488936,9.625096149502702e-05,-149.93807236842105,-142.55068223684208,-45.2423583272196,-41.79027204751138,5.626406601650412,13.12828207051763,118.54199028718638,124.31870464001408,-58.477714407045205,-55.737320069902836,1.1531754519362098,3.0919623747213105
69,TK184_1,601.0,L5,C2,EXC,32.06666666666667,-0.03883668012525028,0.3491943866943866,-0.04891852686055873,0.0071521648621807425,0.0008327817452390417,0.00010266233333106445,-158.6721267206478,-148.6120048582996,-50.03067965534595,-50.76386096121935,5.578317656337161,2.8853367187950836,118.54199028718638,124.31870464001408,-58.47771440704519,-55.737320069902836,1.1531754519362098,3.0919623747213105
70,TK193_1,500.0,L5,C2,PV,18.483333333333334,-0.0395235539460406,0.46686203787195674,-0.05466928897768969,0.00976715450084831,0.0013420832615257483,9.566661603336257e-05,194.38464912280702,208.29191111111115,-40.70275143670723,-39.39095247536167,30.563196354644216,70.57319885526937,193.53764031172645,199.9187173605815,-50.44326299326649,-47.84768045514072,34.45793694240046,78.61112095543491
71,TK196_1,496.0,L4,C2,SST,45.61666666666667,-0.041115759303020326,0.3320789185239313,-0.05208668313852995,0.007396784665849653,0.0010893736739220916,6.867213133926239e-05,195.77232192982459,213.8118552631579,-50.184827579627964,-53.40494952479224,12.50312578144536,0.8335417187630241,191.99794880768283,199.75639960034857,-52.28549986160512,-51.64905483769213,8.013646023467118,18.354518047608483
72,TK205_1,523.0,L4,C2,PV,0.06666666666666667,-0.04353684712601149,1.0499999999999998,-0.06716032902956248,0.006500697484155811,0.0008085575586070593,3.710447169195356e-05,192.23429649122806,202.84729333333334,-49.28423911840039,-49.21169426092163,15.337167625239642,14.003500875218807,193.53764031172648,199.9187173605815,-50.443262993266494,-47.84768045514071,34.45793694240046,78.6111209554349
73,TK208_1,432.0,L4,C2,PV,14.956521739130435,-0.03462542859611811,0.7002906976744186,-0.04487623723322841,0.005585058538731644,0.0006416298791042907,4.27018847579405e-05,187.32041004784688,194.30654401913876,-54.18022833970051,-51.68967613149521,25.00625156289072,26.824888040191865,193.53764031172645,199.9187173605815,-50.44326299326649,-47.847680455140726,34.45793694240046,78.61112095543491
74,TK208_2,440.0,L4,C2,PV,13.54054054054054,-0.03810528138566927,0.5711576846307385,-0.04991866562296961,0.005781556546467231,0.000799025758749299,4.9371126361925974e-05,194.32998516746412,205.881333492823,-48.090110745158285,-46.409995490436195,59.560344631612445,75.01875468867216,193.53764031172648,199.9187173605815,-50.44326299326649,-47.84768045514072,34.45793694240046,78.61112095543491
75,TK229_1,198.0,L2/3,C2,PV,6.866666666666666,-0.04070534111466155,0.4881067961165049,-0.05217868929018232,0.004876916503577916,0.0006460564635452948,4.753949720845349e-05,191.65543157894734,193.1794394736842,-52.80011206137451,-52.249152671920385,10.00250062515629,7.501875468867217,193.53764031172648,199.9187173605815,-50.44326299326648,-47.84768045514072,34.45793694240046,78.61112095543491
76,TK232_1,266.0,L2/3,C2,SST,13.383333333333333,-0.03650914096020277,0.7541095890410958,-0.04574866575355219,0.005483906567917688,0.0005525286906977413,7.139449653183126e-05,208.02621520467838,215.80689298245616,-50.68635226517216,-54.01931248635908,4.445555833402795,1.6670834375260482,191.99794880768286,199.7563996003486,-52.28549986160511,-51.64905483769213,8.013646023467118,18.354518047608483
77,TK232_2,381.0,L2/3,C2,SST,16.05,-0.03466298142652177,0.71926272066459,-0.04304396465998457,0.004805131578120148,0.0005849988622514134,4.2047613424987495e-05,211.8548165413534,219.34846917293234,-44.60545551628531,-45.578291440298834,25.720715893259026,12.145893616261207,191.99794880768286,199.7563996003486,-52.28549986160512,-51.649054837692134,8.013646023467118,18.354518047608483
78,TK234_1,156.0,L2/3,C2,SST,0.6333333333333333,-0.03956791021070427,1.325657894736842,-0.05862173073116448,0.005375227605212235,0.0007046998387186137,4.772990539315362e-05,193.2991009398496,198.31916466165413,-55.140980781269526,-55.850029162784,1.7861608259207655,1.0716964955524595,191.99794880768283,199.7563996003486,-52.28549986160511,-51.64905483769213,8.013646023467118,18.354518047608487
79,TK236_1,256.0,L2/3,C2,EXC,4.075,-0.037664994474637746,0.5790388548057259,-0.04844739599982727,0.0039814287917889,0.0004493607560105446,4.620518810643037e-05,190.67623383458647,204.18189736842103,-53.78330533395562,-51.22283097785288,0.7144643303683063,0.0,118.5419902871864,124.31870464001408,-58.4777144070452,-55.73732006990284,1.1531754519362096,3.0919623747213105
80,TK237_1,354.0,L2/3,C2,SST,7.483333333333333,-0.03634031754441591,1.3535634743875278,-0.04350786266074576,0.004340666625134365,0.0005404792242926565,4.823021650839611e-05,194.35568903508772,213.09880526315786,-50.31625337271302,-52.3912775096952,0.41677085938151204,1.6670834375260482,191.99794880768283,199.7563996003486,-52.28549986160511,-51.64905483769213,8.013646023467118,18.354518047608487
81,TK241_1,215.0,L2/3,C2,SST,6.942857142857143,-0.03991369212086652,0.7668724279835392,-0.05239230622435317,0.006003498541093875,0.0007240614510675578,6.0587704142090346e-05,209.77369707602338,215.20913684210527,-44.98336128333389,-51.875911660226286,22.78347364618932,6.1126392709288435,191.99794880768283,199.75639960034857,-52.28549986160511,-51.64905483769213,8.013646023467118,18.354518047608487
82,TK241_2,300.0,L2/3,C2,EXC,24.3,-0.034946523976345296,0.920130315500686,-0.0430462392879783,0.0059418373138886895,0.0006459370464243658,7.233989157980762e-05,205.05592894736847,214.87706616541354,-52.76609571402424,-56.05275175458729,9.28803629478798,2.5006251562890713,118.54199028718638,124.31870464001409,-58.47771440704521,-55.737320069902836,1.1531754519362098,3.091962374721311
83,TK247_1,213.0,L2/3,C2,PV,12.529411764705882,-0.03632116692059674,0.5265258215962442,-0.05197857275476173,0.006824316628186523,0.0008866011071859691,4.424262697031181e-05,196.93248903508774,208.9903688596491,-48.94771378287937,-46.22198703040483,26.25656414103526,28.75718929732433,193.53764031172648,199.9187173605815,-50.44326299326649,-47.84768045514072,34.45793694240046,78.61112095543491
85,TK248_2,357.0,L2/3,C2,PV,0.23333333333333334,-0.040230288788791334,0.8785714285714284,-0.06218036539357531,0.005814744647845618,0.0008296848344345059,3.707428675923759e-05,193.63308578947368,202.32141578947372,-53.48744095804856,-51.95895994791427,31.507876969242314,38.009502375593904,193.53764031172648,199.9187173605815,-50.443262993266494,-47.84768045514072,34.45793694240046,78.61112095543491
86,TK250_1,314.0,L2/3,C2,SST,28.40625,-0.03971199476184371,0.6087458745874587,-0.05066799485579723,0.007457867079415754,0.0010308553408868528,6.903199794203795e-05,203.79675939849622,208.04946015037595,-45.6278725233397,-48.50522122811498,5.001250312578144,5.001250312578144,191.99794880768286,199.7563996003486,-52.28549986160512,-51.649054837692134,8.013646023467118,18.354518047608483
87,TK250_2,219.0,L2/3,C2,EXC,0.43333333333333335,-0.04118797283681505,0.8115384615384618,-0.06635099681297872,0.008099135572831503,0.0010590575392785836,6.603704516612476e-05,196.472775,216.28820263157894,-55.6648477306853,-60.237461005230344,2.5006251562890727,2.5006251562890727,118.54199028718637,124.31870464001409,-58.477714407045205,-55.73732006990284,1.1531754519362098,3.091962374721311
88,TK251_1,288.0,L2/3,C2,SST,9.4,-0.037865770468628226,0.8177304964539007,-0.04716911635091369,0.005069842993504334,0.0005407186235017435,6.664001982545921e-05,200.71592315789474,210.51314894736845,-51.232456169809716,-52.536879467631856,4.001000250062516,1.5003750937734437,191.99794880768283,199.7563996003486,-52.28549986160511,-51.64905483769213,8.013646023467118,18.354518047608483
89,TK251_2,439.0,L2/3,C2,SST,0.55,-0.04138369324581151,0.7015151515151515,-0.06073892894982553,0.005283153618933185,0.0006908829957408084,6.218248028229615e-05,209.75261438596488,223.815249122807,-47.28571759585107,-49.419291136187184,4.001000250062516,2.667333500041677,191.99794880768283,199.7563996003486,-52.28549986160512,-51.64905483769213,8.013646023467118,18.354518047608487
90,TK252_1,410.0,L4,C2,SST,4.566666666666666,-0.0420756680370973,0.6172445255474452,-0.0559115999178435,0.004991756979702652,0.000561202591710788,3.914934571287829e-05,195.98543479532165,200.25232719298248,-46.450209582206,-47.95897212097875,8.89111166680559,6.946180989691867,191.99794880768286,199.7563996003486,-52.28549986160512,-51.64905483769213,8.013646023467118,18.354518047608487
91,TK253_1,470.0,L4,C2,SST,0.2027027027027027,-0.04380570769570504,1.0916666666666666,-0.0625538739701234,0.004169274873314459,0.0005560270181286381,4.097885878994351e-05,186.5494506578947,198.73170000000002,-51.28969332708396,-51.291676030142675,1.2503125781445363,5.001250312578145,191.99794880768286,199.75639960034857,-52.28549986160512,-51.649054837692134,8.013646023467118,18.354518047608483
92,TK254_1,403.0,L4,C2,SST,4.732142857142857,-0.04196394276662824,0.5888679245283017,-0.05204696654647842,0.0052140429115873485,0.0005447652508286489,5.218636033282658e-05,198.55077587719302,209.8957894736842,-53.38788599661053,-54.20900691285925,0.8335417187630241,0.0,191.99794880768283,199.75639960034857,-52.28549986160511,-51.64905483769213,8.013646023467118,18.354518047608483
93,TK254_2,341.0,L2/3,C2,EXC,11.694444444444445,-0.03802963705171601,0.30788598574821846,-0.053175273930732646,0.005965369591338931,0.0007503964692475451,9.683440028547984e-05,200.72227719298243,213.2793245614035,-68.6935982012416,-62.678883275258904,0.5556944791753493,1.6670834375260482,118.54199028718638,124.31870464001406,-58.47771440704521,-55.73732006990284,1.1531754519362096,3.091962374721311
94,TK266_1,582.0,L5,C2,EXC,13.366666666666667,-0.045797411454677826,0.38952618453865334,-0.05058915302621787,0.002297845733633887,0.0002853237096860114,4.418225340408804e-05,204.96386638023623,218.1966160042965,-55.62572483757627,-56.88335977809721,0.8165306632780645,0.0,118.54199028718637,124.31870464001409,-58.47771440704521,-55.737320069902836,1.1531754519362098,3.0919623747213105
95,TK270_1,531.0,L5,C2,SST,1.1666666666666667,-0.039101504502681766,0.7949999999999999,-0.05904993129783133,0.005180824059783144,0.0006567099408270926,9.555319914649216e-05,196.33499356725147,205.2047321637427,-56.96006695561023,-56.74606976960254,1.2966204514091486,3.148935381993646,191.99794880768283,199.75639960034857,-52.285499861605125,-51.64905483769213,8.013646023467118,18.354518047608483
96,TK272_1,557.0,L4,C2,EXC,1.45,-0.03908588458011048,0.7982758620689654,-0.059634366573488126,0.007043195754542578,0.0010057777077059097,6.934501693572799e-05,189.33771842105264,197.3770451754386,-48.17710270172594,-46.8328472902592,10.419271484537799,14.170209218971408,118.54199028718635,124.31870464001408,-58.477714407045205,-55.737320069902836,1.1531754519362098,3.0919623747213105
97,TK276_1,533.0,L5,C2,EXC,2.0166666666666666,-0.03448860653619392,1.0140495867768593,-0.04946501741984057,0.004742103607147732,0.0006559970227862351,5.8756598834988674e-05,206.2397795321637,217.29439415204678,-49.341969374920886,-49.494923518745026,8.335417187630242,10.00250062515629,118.54199028718637,124.31870464001408,-58.47771440704521,-55.73732006990285,1.1531754519362098,3.091962374721311
98,TK277_1,607.0,L5,C2,EXC,5.9714285714285715,-0.040416544289067914,0.8770334928229665,-0.057779675490408036,0.0064206540956544276,0.0008962975726332156,7.964798884326396e-05,206.82879309210523,215.49408470394738,-52.84724853972968,-52.41784703477685,3.4383595898974746,3.2820705176294074,118.54199028718638,124.31870464001409,-58.47771440704522,-55.73732006990284,1.1531754519362098,3.0919623747213105
99,TK278_1,630.0,L5,C2,EXC,16.383333333333333,-0.04833407240077717,0.37090539165818914,-0.05800414850106201,0.0045987590400562925,0.0005583064081656499,7.660841648538037e-05,200.04485872576177,207.81728614958448,-49.76389708615517,-46.82019833879706,9.212829523170265,16.583093141706478,118.54199028718637,124.31870464001406,-58.47771440704522,-55.73732006990284,1.1531754519362096,3.0919623747213105
100,TK283_1,337.0,L2/3,C2,SST,3.566666666666667,-0.04216365363137645,0.5495327102803738,-0.0641351736668935,0.007390037714902533,0.0009080274865426662,8.816228668373041e-05,191.5803752631579,207.0275497368421,-56.051143032792915,-56.43550589974587,0.5001250312578145,0.0,191.99794880768283,199.7563996003486,-52.28549986160512,-51.64905483769213,8.013646023467118,18.354518047608483
101,TK283_2,327.0,L2/3,C2,EXC,0.75,-0.04096982920405383,0.8911111111111112,-0.0583707699408556,0.004984450075279156,0.000648735195449657,4.091377320970619e-05,189.91364184210528,201.09180999999998,-62.88253008243619,-60.71094541772995,0.5001250312578145,0.0,118.54199028718638,124.31870464001408,-58.47771440704521,-55.73732006990284,1.1531754519362096,3.0919623747213105
102,TK292_1,437.0,L4,C2,SST,45.13333333333333,-0.04091760516978739,0.3259047267355982,-0.049635465546069964,0.0051511579384310125,0.0005407837158216764,0.00011788284940390929,191.5157081339713,208.21701818181816,-45.76359888492288,-48.52187059586951,5.45590943190343,2.727954715951715,191.99794880768286,199.7563996003486,-52.28549986160512,-51.649054837692134,8.013646023467118,18.354518047608483
103,TK299_1,333.0,L2/3,C2,EXC,3.9166666666666665,-0.04003805814814134,1.1680851063829787,-0.05538954950473343,0.006582966823708557,0.0009130439805564569,5.369460995489052e-05,187.29403052631577,200.57651438596488,-64.11247878774843,-61.42820302661868,1.000250062515629,0.33341668750520964,118.54199028718637,124.31870464001408,-58.47771440704521,-55.737320069902836,1.1531754519362096,3.0919623747213105
104,TK304_1,220.0,L2/3,C2,EXC,5.4,-0.04130709257548223,0.48981481481481487,-0.0586907535869609,0.006782936310175129,0.0009485064549201402,8.099172273138644e-05,194.7503645614035,199.58339263157896,-52.8997838966574,-56.22729838088642,3.667583562557306,0.6668333750104193,118.54199028718638,124.31870464001406,-58.477714407045205,-55.73732006990284,1.1531754519362098,3.0919623747213105
105,TK309_1,220.0,L2/3,C2,SST,0.7333333333333333,-0.045479732066742946,0.4875,-0.057393552985996694,0.002790151296871644,0.00033143225584262236,3.514316200685537e-05,190.7422298245614,204.64489684210525,-54.47470120279015,-57.94749396224963,1.3336667500208386,1.000250062515629,191.99794880768283,199.75639960034857,-52.28549986160512,-51.64905483769213,8.013646023467118,18.354518047608483
106,TK316_1,616.0,L5,C2,EXC,7.333333333333333,-0.039592925449911706,0.3131818181818181,-0.05758931545855839,0.006738741831709033,0.0008215844866392973,9.944113974316632e-05,196.5853979757085,206.01467611336034,-55.26795213556558,-52.66630524860779,3.077692500048089,5.385961875084156,118.54199028718637,124.31870464001408,-58.477714407045205,-55.73732006990284,1.1531754519362096,3.091962374721311
107,TK318_1,568.0,L5,C2,EXC,6.233333333333333,-0.04171147344776009,0.3485294117647059,-0.050885988070459263,0.003351062145968924,0.0003833178618030595,6.9139963201036e-05,192.60515789473683,201.8851401913876,-56.721912796931484,-57.10098668443742,1.8186364773011436,0.9093182386505718,203.722728125,223.73424027777776,-51.95732875120501,-48.27732050950821,7.5075075075075075,23.761880940470235
108,TK320_1,451.0,L4,C2,SST,0.7166666666666667,-0.041168929346436414,0.9813953488372092,-0.06669607345946979,0.005867611705231981,0.0007666773206150109,5.347304955723039e-05,183.39126761133605,190.16370485829958,-46.365069870180896,-45.925072959308615,1.9235578125300559,6.155385000096178,198.2748278846154,209.37101923076924,-46.79831270177167,-47.07687822265752,8.470008470008471,13.853080386347022
109,TK320_2,450.0,L4,C2,SST,0.7666666666666667,-0.03831167800778505,1.1989130434782609,-0.0575080791306997,0.0054569715029153115,0.000641720272451526,9.277102128300834e-05,186.1795536842105,200.49514368421052,-49.057562347412535,-49.86939406543911,22.50562640660165,18.004501125281323,199.1167625,217.36873888888888,-46.73115004275404,-45.777423387027866,43.376710043376704,31.682507920626975
110,TK323_1,452.0,L4,C2,SST,0.25,-0.04222387772497847,1.0,-0.06228452844417084,0.005575709233302523,0.0007495362046138351,4.1793669152456865e-05,196.47476028708135,206.0402028708134,-52.69886295027431,-51.73252897053859,14.77642137807179,37.73670690399872,217.222134375,224.04235416666666,-51.20228976706931,-51.7822515712846,37.53753753753754,35.01750875437719
111,TK325_1,480.0,L4,C2,PV,0.125,-0.04520488688902994,1.6733333333333333,-0.06698328376198727,0.004505955387571163,0.0005499236826428197,5.0957486366541896e-05,195.88021203007517,204.01019699248118,-51.75447327765862,-49.74425878064443,20.719465580680883,46.44018147393991,193.53764031172648,199.9187173605815,-50.443262993266494,-47.84768045514072,34.45793694240046,78.6111209554349
112,TK326_1,445.0,L2/3,C2,PV,1.8166666666666667,-0.03907844901645367,0.794954128440367,-0.06006138642038128,0.005877128938047058,0.0007732315851360948,7.019405436759188e-05,186.5536736842105,191.14218345864663,-49.85836882463512,-49.167497332666265,22.148394241417492,39.29553817025685,193.53764031172648,199.9187173605815,-50.44326299326649,-47.84768045514072,34.45793694240046,78.61112095543491
113,TK326_2,490.0,L4,C2,PV,1.3,-0.04123877694065188,0.46089743589743587,-0.0525851388364514,0.003480667039331576,0.00032483845193842525,4.195905104355658e-05,193.84813900928793,201.7340269349845,-50.71792394107347,-50.10041295889949,32.94941382404424,42.65772325434298,207.91401111111114,223.42983703703703,-47.45296228434611,-46.45577886356277,66.7334000667334,131.17669946084152
114,TK333_1,410.0,L2/3,C2,SST,5.916666666666667,-0.04193199937273122,0.5540845070422534,-0.04861100741489559,0.0029988196503582315,0.0003195302905076529,4.945512257321783e-05,188.8995294736842,203.8139615789474,-49.85947320497044,-49.97956427288994,1.000250062515629,8.002000500125032,193.18888500000003,207.55333000000002,-52.92619773638677,-53.4498847562591,0.0,7.003501750875437
115,TK333_2,474.0,L4,C2,SST,0.6666666666666666,-0.037129116571986844,0.9512499999999999,-0.06079551916942161,0.005440939079091541,0.0006189778140188316,4.3249615518090265e-05,180.08979473684207,191.30741461988305,-54.12044758021066,-51.31499147247668,0.0,3.8898613542274454,191.99794880768283,199.75639960034857,-52.285499861605125,-51.64905483769213,8.013646023467118,18.354518047608483
116,TK334_1,399.0,L2/3,C2,SST,4.633333333333334,-0.03760733991313262,0.5816546762589928,-0.04470415964308909,0.0028266521003668687,0.000330311885912374,5.5575368135776524e-05,184.59592938596492,188.20638859649122,-55.38777848731611,-54.746528544509005,1.6670834375260482,2.08385429690756,193.5404673076923,202.5445598290598,-52.02438221419331,-51.53847328554528,1.5400015400015403,7.696155770192789
117,TK348_1,292.0,L2/3,C2,SST,8.316666666666666,-0.04148082818910441,0.4712424849699399,-0.05156399852024498,0.004325154444445119,0.0005054338391695561,8.658126152621228e-05,180.05281315789472,186.31071684210528,-48.86023139825152,-50.722678461521134,20.00500125031258,7.001750437609402,183.7726892857143,198.34253809523813,-52.081482116904965,-47.90552495065355,2.8600028600028597,27.15643536053741
118,TK353_1,263.0,L2/3,C2,SST,3.4166666666666665,-0.04242711287701443,0.6078048780487804,-0.0507487276573956,0.00322599112046362,0.00038148720625381455,6.149715209047342e-05,184.37102151029748,191.33624187643022,-50.016735604880644,-51.46012774117392,3.6965763179925415,2.391902323406939,184.70802456896553,187.19365670498084,-48.884753963682456,-50.48003078238549,3.796900348624486,4.830001207500302
119,TK355_1,135.0,L2/3,C2,SST,20.73949579831933,-0.03969278376743939,0.2859400324149109,-0.05359369693216344,0.007075394301209554,0.0009482867254334707,0.00011283471339490769,191.40943746130029,200.469886377709,-55.41255576736096,-59.76238565653953,2.3535295588603034,0.2941911948575379,191.36078706896552,196.50185402298854,-52.81341972093351,-49.21527061754489,3.451727589658624,25.875006468751618
120,TK355_2,124.0,L2/3,C2,EXC,2.55,-0.04244525009778119,0.5385620915032681,-0.05371505275034609,0.0042224009372513,0.00044391031558957167,3.7987413293515934e-05,179.70203684210526,186.2953621052631,-51.79633418764727,-51.41399349531399,4.001000250062516,1.000250062515629,118.54199028718637,124.31870464001406,-58.47771440704521,-55.737320069902836,1.1531754519362096,3.0919623747213105
121,TK355_3,120.0,L2/3,C2,EXC,0.574468085106383,-0.04041421804548843,0.7666666666666666,-0.05442040627668562,0.0035863572213078645,0.00031603508199242424,3.263712732482657e-05,201.41635789473685,210.5981927631579,-53.727099904394336,-57.41935503650118,1.2503125781445363,0.6251562890722682,118.54199028718637,124.31870464001409,-58.47771440704522,-55.73732006990285,1.1531754519362096,3.09196237472131
122,TK358_1,135.0,L2/3,C2,SST,0.3333333333333333,-0.03619639114612293,1.1424999999999998,-0.0564772377517241,0.006918578925082078,0.001010273008210398,3.938080902995978e-05,196.195248582996,208.7352502024291,-53.61343894259757,-57.74161390329336,0.38471156250601113,0.0,191.99794880768283,199.75639960034857,-52.28549986160512,-51.64905483769213,8.013646023467118,18.354518047608483
123,TK358_2,141.0,L2/3,C2,SST,0.8,-0.03636663021941724,0.9625,-0.05142367851162741,0.0046770330385074175,0.0005701297439615057,4.0986862255725855e-05,195.18438173374616,204.91703931888546,-51.81571971996145,-57.95420552060501,3.236103143432917,0.0,202.17285462962968,214.84026419753087,-59.29943451704987,-54.916741376420234,0.7414822229637044,7.411112963889352
124,TK358_3,164.0,L2/3,C2,EXC,8.826777086135232,-0.041168752217039854,0.768593331600871,-0.0547557108467496,0.004901344912903766,0.0006143115174025968,6.432689274849363e-05,126.76043070465303,134.76933226203056,-58.83078097269191,-58.118750145906716,1.602123603648453,1.717235168278907,210.143125,216.49373888888888,-56.647795019381995,-56.78761671792391,0.0,0.0
125,TK364_1,231.0,L2/3,C2,PV,3.1083333333333334,-0.0396553582382979,0.4639410187667561,-0.05513676445646506,0.005155767152426825,0.0005773579572623027,8.541104489231077e-05,187.81193368421054,199.50596315789468,-56.572888098730566,-55.792955089644956,7.001750437609403,17.004251062765693,188.8707875,195.62070185185183,-53.919107717746044,-50.4664364689896,3.3366700033366694,11.67250291812573
126,TK367_1,387.0,L2/3,C2,SST,2.3833333333333333,-0.041893294045013435,0.49440559440559445,-0.05032043060039483,0.0035905824967061182,0.0004948212335113384,4.3718608210536504e-05,197.2225984210526,203.4639047368421,-49.84675777031466,-51.591835792162286,3.0007501875468874,2.5006251562890727,202.74558478260872,213.69267101449273,-52.677610440598755,-53.002101986987924,0.8704356530443487,2.175000543750136
127,TK373_1,427.0,L2/3,S1,SST,14.2,-0.039846332897735814,0.5696009389671362,-0.048826547820345886,0.004658375477078029,0.0005508843694762587,8.687324771759238e-05,177.62734078947372,189.64127587719295,-53.55049970482049,-54.10799163535944,2.9173960156705836,6.25156289072268,189.55532625,199.09053944444446,-55.54723480436333,-54.07764983783296,2.002002002002002,8.504252126063033
128,TK376_1,429.0,L2/3,C2,SST,1.2666666666666666,-0.04274853771335377,0.563815789473684,-0.05519166426482561,0.003708279092417813,0.0004839561992660735,6.442546627869887e-05,194.82824254385963,202.20579473684208,-44.00877800361371,-44.95111087579164,9.585729765774776,2.500625156289072,190.74774736842105,193.10142748538016,-46.51643753176424,-46.999015546750876,7.902639481586851,20.799873621021035
129,TK383_1,491.0,L4,C2,EXC,3.0,-0.042882947785632085,0.4847222222222223,-0.052965350313072763,0.003633630717162411,0.00046763385690507154,6.890200770902598e-05,195.8800426315789,212.0396984210526,-60.680033950221315,-61.8651031517204,0.6668333750104193,0.33341668750520964,200.1775614130435,205.5620775362319,-63.21075923026793,-60.645136407967755,0.0,0.43500010875002715
130,TK384_1,467.0,L4,C2,SST,2.2666666666666666,-0.04296426982971366,0.5286764705882353,-0.051129361813022293,0.0031492428118447225,0.00041238320806220646,4.60498578979792e-05,190.98200921052631,203.85462631578946,-51.226928844060296,-50.852014754974654,5.001250312578145,7.501875468867217,191.99794880768286,199.7563996003486,-52.28549986160512,-51.64905483769213,8.013646023467118,18.354518047608483
131,TK384_2,529.0,L4,C2,SST,38.575,-0.043438211877583024,0.3384100237632318,-0.0528003439748696,0.005860903698693559,0.0007193174384603539,0.00010816346482377532,183.96823333333333,187.89505350877192,-52.4160254899123,-50.846372283371984,0.0,4.16770859381512,186.64044,193.1234333333333,-44.065064701218326,-47.163472892094205,20.02002002002002,4.00200100050025
132,TK385_1,470.0,L4,C2,EXC,25.7,-0.04204627299384365,0.3698767833981842,-0.05028121502511346,0.004234412645275262,0.0004892640411338613,0.00011052391356322088,195.74790931174093,197.33199919028343,-59.94775509755088,-59.35242065747405,1.5388462500240445,0.7694231250120223,196.38640625,202.6436138888889,-62.8724189277433,-51.88341255619785,0.0,10.005002501250624
133,TK385_2,467.0,L4,C2,EXC,20.933333333333334,-0.04447569053118059,0.45879777070063693,-0.05182894196504402,0.004199768226912521,0.0004136145211182602,0.00012787652625801229,198.87238975069258,204.25075484764542,-67.90133290469811,-66.12312980013915,0.0,0.0,191.72980131578947,195.67716900584796,-64.56477176704686,-61.52321030780535,0.0,0.0
134,TK387_1,496.0,L4,C2,EXC,18.658333333333335,-0.04768645330322544,0.5102501116569897,-0.052892077246336176,0.0029575195912646835,0.00029877037014798704,6.930452052094714e-05,194.37154802631582,203.99585921052636,-61.452905559358086,-62.91361185767792,0.0,0.0,188.50894999999997,190.83055032679738,-50.54323617553681,-51.175110883199636,3.5329447094152973,0.5885295588970956
135,TK390_1,462.0,L4,C2,SST,9.542943972611402,-0.040645068222074504,0.8376438821680559,-0.05408208084691993,0.004997650099788441,0.0006114784295245579,6.130556436084519e-05,144.3153157075077,154.03972643054306,-51.94633604771587,-53.22052271344369,5.904079265676665,5.1358397622354826,200.86523958333333,212.92856203703707,-45.00512219437599,-44.63445209795765,21.688355021688352,25.84625646156411
136,TK402_1,364.0,L2/3,C2,EXC,21.8,-0.04331875986803323,0.49594801223241586,-0.049048172563245555,0.0034795426555178526,0.00043343504685130677,6.753909142089415e-05,195.993610877193,201.52147719298247,-57.81801091469039,-59.786863026747135,0.33341668750520964,0.0,209.5372818181818,217.61447272727276,-57.74156713547598,-54.153115609492694,0.0,0.0
137,TK403_1,538.0,L4,C2,EXC,4.216666666666667,-0.03926939988183757,0.6221343873517787,-0.04611043292264507,0.0029059639347273933,0.00035597838341237337,5.123999065268089e-05,192.74381684210528,199.26071684210527,-67.10154507241347,-63.80037688572518,0.0,0.0,189.7584875,203.72887916666667,-64.01093927291038,-60.172188034215424,0.0,0.0
138,TK405_1,547.0,L4,C2,PV,4.116666666666666,-0.043898675329063774,0.870242914979757,-0.056514489413075075,0.0047342420327340816,0.0006399449726778414,4.9762137999808265e-05,187.2239263157895,198.47076,-51.65473996392497,-51.67415013522029,1.000250062515629,1.000250062515629,193.53764031172648,199.91871736058152,-50.443262993266494,-47.84768045514072,34.45793694240046,78.6111209554349
139,TK407_1,497.0,L4,C2,PV,2.9166666666666665,-0.04181691956859649,0.9997142857142857,-0.05480364065635235,0.005043958554226703,0.0006973870270514773,4.9015525452817126e-05,196.37045736842103,201.90938315789472,-56.91758745557959,-51.279421451150014,7.501875468867218,25.50637659414854,190.6435708333333,194.1387796296296,-52.50964081493126,-48.29193550494696,20.02002002002002,70.03501750875436
140,TK408_1,476.0,L4,C2,EXC,1.9666666666666666,-0.041631458071213504,0.7165254237288137,-0.05632945530684906,0.005158466449513596,0.0005215768430952871,6.324992464000838e-05,126.760430704653,134.76933226203056,-58.830780972691905,-58.118750145906716,1.6021236036484532,1.7172351682789073,189.54487282608693,190.85327149758453,-56.39616398518887,-55.10233268163824,2.6113069591330462,2.175000543750136
141,TK408_2,490.0,L4,C2,PV,1.7166666666666666,-0.03922558006998676,1.5247572815533978,-0.05592596774806287,0.006159572343240163,0.0007308955971232883,4.802401930885999e-05,131.6820044673666,139.60497204382884,-53.021264295672296,-51.07453651499176,25.94999772922733,34.91971186018489,193.53764031172645,199.91871736058152,-50.4432629932665,-47.84768045514071,34.45793694240045,78.61112095543491
142,TK409_1,528.0,L4,C2,EXC,1.6,-0.042315479336370816,1.0760416666666668,-0.06244022202223331,0.005978641975058818,0.0008189354084334931,5.666421433948531e-05,183.89976090225562,189.99328045112782,-53.54503868934733,-54.88838686838894,2.143392991104919,1.4289286607366125,173.40934166666665,176.46708703703703,-54.05821834954841,-53.354698060532264,0.0,1.6675004168751042
143,TK412_1,507.0,L4,C2,PV,6.133333333333334,-0.03927105646294811,0.9456521739130435,-0.04557403006938739,0.003594365449994619,0.0004249995579836571,4.192415345700414e-05,191.30812142857144,195.17287857142856,-52.296032811782496,-47.222346060959666,15.003750937734434,68.58857571535741,185.61153333333334,191.07301172839504,-46.77306067194286,-45.33642204825001,60.06006006006006,104.49669279083987
144,TK413_1,521.0,L4,C2,EXC,1.1833333333333333,-0.043367751421873255,0.8598591549295774,-0.062154179877622846,0.0054612341029420235,0.00069190011714544,7.345778574409079e-05,195.13456666666667,202.08021637426904,-58.960686796166655,-59.25138383955386,0.0,0.0,118.54199028718637,124.31870464001408,-58.47771440704521,-55.737320069902836,1.1531754519362096,3.0919623747213105
145,TK414_1,451.0,L4,C2,EXC,0.3888888888888889,-0.04539436113482206,0.6228571428571428,-0.05588768968626476,0.0030035843551761247,0.00037972234809811525,4.988893339389709e-05,186.57361374269004,191.56200672514618,-66.22119947510024,-55.62248921704189,2.2227779167013972,12.50312578144536,183.36087857142857,186.14703968253968,-56.36306401378901,-55.464348436088294,8.58000858000858,10.719645537054241
146,TK414_2,514.0,L4,C2,SST,11.65,-0.036898579376418834,2.056366237482117,-0.04818831851039592,0.00635025169387245,0.0008381125279429613,7.585754281967213e-05,191.18956842105263,200.24404248120297,-57.845931357367995,-59.49155205916728,18.21884042439181,11.4314292858929,181.735136,187.3635151111111,-60.14637721391694,-60.649998156882255,9.60960960960961,14.807403701850928
147,TK415_1,457.0,L4,C2,EXC,3.216666666666667,-0.042579164781414845,1.8848445595854921,-0.05261635916401086,0.00388601737857052,0.0005509867442154957,3.706393220462733e-05,189.13772610526317,192.8301416842105,-58.63744756519037,-56.20109984768703,4.601150287571893,5.201300325081271,182.06885108695656,186.63639420289857,-57.46613331811617,-55.28489587460339,2.6113069591330462,1.7400004350001086
148,TK415_2,424.0,L4,C2,EXC,6.033333333333333,-0.040999859576657506,1.4259668508287293,-0.05054358915849038,0.004797764550578396,0.0006109956886632116,4.29023195035907e-05,186.99677559808612,191.0692526315789,-49.98502443122743,-48.471772636209586,1.3639773579758574,0.9093182386505718,184.16358083333336,187.9876762962963,-50.70796653821879,-49.68905530248813,4.004004004004004,2.668000667000167
149,TK415_3,477.0,L4,C2,EXC,9.833333333333334,-0.0420270372433298,1.4476271186440681,-0.04833788590117457,0.0032795387502688646,0.00039393787431089204,5.3635281518239774e-05,196.62244298245614,204.47841842105262,-59.74338413635731,-58.59481400549838,2.5006251562890727,2.5006251562890727,196.95304736842107,200.56090760233917,-56.95176002316551,-52.078455036932795,1.05368526421158,2.6328953950659537
150,TK416_1,473.0,L4,C2,EXC,2.966666666666667,-0.046483259189058504,0.6790730337078652,-0.05595268358545014,0.0037630176488476635,0.0004808031454353061,6.0870179472351536e-05,199.10948640350875,213.20826271929823,-59.986209334061776,-60.730125213439315,1.6670834375260482,0.0,202.97006979166665,210.54373703703703,-61.015287807767756,-58.0772289361297,0.0,0.41687510421877605
151,TK416_2,456.0,L4,C2,SST,0.5666666666666667,-0.04204226375675953,1.5495098039215687,-0.055725616184164946,0.0034186909449216915,0.0004006618739027292,3.056615416613719e-05,195.8285256965944,213.34250464396283,-51.046770087913615,-49.463666542192506,9.414118235441212,27.06558992689349,183.93885227272727,188.75192525252527,-50.055988804501794,-49.39895197761073,26.390026390026392,34.56273591341125
152,TK450_1,461.0,L4,C2,PV,0.31666666666666665,-0.042804269139328756,1.3921052631578947,-0.06590065843095007,0.007073192180478503,0.0008851298803395221,4.176874377600082e-05,181.80067807017545,192.18647192982453,-52.29833938450004,-51.24685148120027,10.836042343919312,12.50312578144536,196.43759999999997,205.45999444444448,-49.58754372934658,-49.15963966719546,10.01001001001001,20.01000500250125
153,TK454_1,147.0,L2/3,C2,VIP,0.85,-0.0429219926604658,0.7088235294117649,-0.05341182812311934,0.002829324890323054,0.00037579012849297134,4.420981876079245e-05,202.64870684210524,213.30860210526313,-53.227189011881194,-51.38220700972724,2.000500125031258,5.001250312578145,211.92332678571427,216.78832380952383,-49.15348495863731,-47.671028719890245,10.01001001001001,27.871078396341026
154,TK455_1,154.0,L2/3,C2,EXC,2.8333333333333335,-0.04352545286576282,0.726764705882353,-0.05161365062122025,0.0033361008894892525,0.0003559673458610024,4.676432269337788e-05,203.63527218045112,211.4014402255639,-63.99785813537574,-60.2719260927133,0.0,1.7861608259207655,205.0245015625,212.51147361111114,-63.45788782011647,-58.090136760154586,0.0,0.0
155,TK455_2,102.0,L2/3,C2,VIP,7.5,-0.03983437642714703,0.9957777777777779,-0.04775920540117013,0.004406954065922157,0.00048449794412243824,5.620845701088592e-05,195.32836771929829,200.52176035087717,-57.730928680602034,-52.06462108142949,1.6670834375260484,12.003000750187548,197.63607777777779,200.72804259259257,-52.726592417074,-47.68352317678637,8.897786675564452,28.903340559168477
156,TK457_1,220.0,L2/3,C2,EXC,7.35,-0.03874282815463662,1.0267573696145125,-0.04596070738696004,0.0042591124449284385,0.0004392902968158629,4.2896923070373376e-05,185.44842267206477,192.740791902834,-59.40467748937841,-60.9640826887595,1.5388462500240445,0.0,183.3381860465116,189.64938346253228,-61.2668024222426,-58.51007987108208,0.0,0.23267447677327036
157,TK460_1,123.0,L2/3,C2,VIP,5.7,-0.0421256686814968,1.2399122807017544,-0.04956749283280535,0.004246118538832794,0.0005181414463993401,4.970034301550709e-05,204.01364928229663,211.3232555023923,-46.633780545431115,-43.96801873707295,10.91181886380686,23.187615085589577,198.31097395670793,201.81077480031126,-45.56062888633393,-44.43994667473335,30.510010902167764,43.99788501271291
158,TK460_2,235.0,L2/3,C2,EXC,2.55,-0.040163802659238836,2.4392156862745096,-0.056517185275806445,0.006235820143419157,0.0008558270227233265,4.59659423923952e-05,204.38537368421055,209.0682325358852,-67.16785248955739,-66.14102564202337,0.4546591193252859,0.0,118.54199028718638,124.31870464001409,-58.47771440704521,-55.73732006990285,1.1531754519362098,3.0919623747213105
159,TK461_1,227.0,L2/3,C2,VIP,3.0833333333333335,-0.038698611663020674,1.0281081081081083,-0.04709035065688361,0.003771505395954699,0.0004615005955251704,4.526680839069484e-05,200.15629342105262,205.95989605263156,-50.74241313905273,-44.34333030703892,32.508127031757944,52.51312828207052,201.88829166666665,204.31590123456786,-47.65431039590822,-43.751399015355545,44.48893337782226,65.58834973042076
160,TK462_1,123.0,L2/3,C2,EXC,30.633333333333333,-0.04295041701735023,0.3519858541893362,-0.05306414294318819,0.006856898190950448,0.0009589813392315644,9.063532438777362e-05,196.2032112781955,203.57060075187968,-61.33081681652705,-63.18848205114118,0.0,0.0,192.80293571428572,195.54457936507936,-61.95415365711246,-60.23292126189928,0.0,1.4292860716072322
161,TK462_2,98.0,L2/3,C2,VIP,31.833333333333332,-0.043008068766067914,0.7739659685863874,-0.04885555599276183,0.005491276238124558,0.0006989361744924108,8.061366776909197e-05,198.07571818181822,205.26049712918658,-51.39797799434742,-54.479090021440186,18.186364773011434,13.639773579758577,194.03457205882353,195.5649267973856,-50.33884509130861,-43.71178806598429,29.441205911794142,62.38413324309212
162,TK462_3,150.0,L2/3,C2,VIP,32.68333333333333,-0.0404182193180026,0.7697603263641,-0.04751804355167822,0.006480783170560133,0.0009008348861843647,6.763636997540394e-05,201.3731980861244,206.97095837320578,-50.43270915286745,-55.12297679091678,15.003750937734434,7.72920502852986,195.35020775862068,197.84380996168585,-45.46801971130749,-46.226044700675175,40.04004004004004,52.78501319625328
163,TK463_1,146.0,L2/3,C2,VIP,8.25,-0.0429933260669759,0.6582828282828284,-0.05297925227533046,0.005060207660795484,0.0006804232138708359,6.545455452654988e-05,196.29133157894736,199.70464444444443,-46.53898197836543,-46.13553917023981,11.113889583506987,17.782223333611178,198.8743733333333,200.45905703703704,-43.93237548496051,-45.00616292114262,28.028028028028025,40.68701017175254
164,TK464_1,125.0,L2/3,C2,VIP,15.91304347826087,-0.03813028095519997,1.150068306010929,-0.04729284400225974,0.006179248872033845,0.0006601652860152684,4.949129465093268e-05,201.0106245614035,207.76515701754388,-54.49405517654245,-46.964501214048994,4.16770859381512,22.50562640660165,198.31097395670793,201.81077480031126,-45.56062888633392,-44.43994667473335,30.510010902167764,43.99788501271291
165,TK464_2,155.0,L2/3,C2,VIP,2.2,-0.03986485458340549,1.3299242424242426,-0.04965871688940789,0.004074215960774219,0.0004950459569355146,4.330611233724175e-05,207.25517210526314,215.75894473684207,-45.93298670212805,-40.972531549376384,2.5006251562890727,19.504876219054765,198.31097395670793,201.81077480031118,-45.56062888633392,-44.43994667473334,30.510010902167764,43.99788501271291
166,TK468_1,207.0,L2/3,C2,SST,0.2833333333333333,-0.03575470516321521,1.638235294117647,-0.0531181177256082,0.004346839910700608,0.0004778396531201303,4.57150422285972e-05,192.88807947368417,198.37117526315788,-48.4285780621954,-50.13197203343575,2.5006251562890727,3.000750187546887,192.38023928571428,194.82756689342406,-49.1002990370674,-49.79192526273753,2.451431022859594,7.554797807066797
167,TK470_1,143.0,L2/3,C2,EXC,2.45,-0.044153765034451085,0.6743197278911565,-0.05438321560158513,0.0034456144694477698,0.00042467295063365574,5.521634855825824e-05,190.40663538011697,191.58920116959064,-57.8588569449976,-60.11286258754397,1.3892361979383734,0.27784723958767465,188.4306340909091,192.85628686868688,-62.914185796548075,-56.67958650992539,0.0,0.9095456819318751
168,TK470_2,100.0,L2/3,C2,SST,28.65,-0.036558772618717,0.6562245491564864,-0.04363801281392239,0.005023925127496575,0.000698265521528824,7.467325749059088e-05,188.50767067669176,196.39716616541352,-42.64017949466723,-45.20867825453863,17.861608259207657,11.4314292858929,190.80977416666664,192.66441555555554,-44.58229908383195,-45.15193041889727,10.677344010677347,13.340003335000835
169,TK471_1,126.0,L2/3,C2,SST,4.666666666666667,-0.04044444311505604,0.5891071428571428,-0.05089645154517638,0.004122078239179053,0.0005361270233882506,5.6295137170612666e-05,191.11684175438597,201.2914056140351,-44.47954402226378,-49.97692144837451,16.670834375260483,7.668583812619822,193.03915648148146,202.46192345679012,-47.096408685249955,-43.655250638034026,11.86371556741927,50.395568154447595
170,TK472_1,149.0,L2/3,C2,SST,18.466666666666665,-0.04444082331246931,0.5275270758122743,-0.05117926621270344,0.004230560427720389,0.0005822513717790782,7.997612948778625e-05,199.27276736842103,203.77252631578946,-52.819885311504095,-55.04746761260097,5.001250312578145,0.5001250312578145,187.9606375,194.59748888888888,-54.13525223048834,-53.36311999245165,0.0,10.005002501250624
171,TK472_2,152.0,L2/3,C2,SST,103.68333333333334,-0.03886086116601443,0.4282671596206398,-0.04501150142152967,0.0051212291822881565,0.0006339813767437348,4.290277330065546e-05,203.54956578947366,211.71640789473682,-48.74751745281245,-52.63339546181978,18.129532383095775,3.7509377344336086,191.99794880768286,199.7563996003486,-52.285499861605125,-51.64905483769213,8.013646023467118,18.354518047608483
172,TK472_3,97.0,L2/3,C2,SST,20.133333333333333,-0.04275583771321723,0.41250000000000003,-0.05303312785040664,0.005936261870001541,0.0008170832980740652,9.783034274617193e-05,200.1826605263158,203.85839210526316,-42.92106806868845,-49.978219724801775,7.501875468867217,0.0,191.99794880768286,199.7563996003486,-52.28549986160512,-51.64905483769212,8.013646023467118,18.354518047608483
173,TK473_1,170.0,L2/3,C2,EXC,14.383333333333333,-0.03947940303536919,0.4129779837775204,-0.04901480169552686,0.004830080409598022,0.0005236125749463645,0.00011762550212257438,194.40091052631578,204.38264105263156,-69.73120957781254,-64.75957198637578,0.0,0.0,195.54476428571428,206.78895449735452,-64.04975486522298,-59.528721553721844,1.9066685733352398,0.0
174,TK476_1,245.0,L2/3,C2,PV,3.8181818181818183,-0.037320273843194335,1.9077380952380956,-0.05189082136371907,0.00574568414236702,0.0006414047198670884,4.5169097685911146e-05,131.6820044673666,139.60497204382884,-53.021264295672296,-51.07453651499176,25.94999772922733,34.91971186018488,193.53764031172648,199.9187173605815,-50.4432629932665,-47.84768045514072,34.45793694240046,78.6111209554349
175,TK478_1,184.0,L2/3,C2,PV,33.45,-0.03512811060439634,0.5380667663178874,-0.04117754602453469,0.0040867951817715525,0.0005239227147851189,7.560395240215951e-05,188.15035112781956,192.704862406015,-51.917266698338416,-48.30427227387235,12.860357946629513,28.57857321473225,182.61366249999998,185.92670085470087,-46.492478883433776,-41.04353691166602,25.410025410025412,115.0575287643822
176,TK479_1,172.0,L2/3,C2,PV,3.8555555555555556,-0.03778828478087187,1.239193083573487,-0.04980733808307806,0.004983435167168304,0.000664032795468357,5.038570848192806e-05,196.26535087719296,196.5595754385965,-46.60778798690533,-47.103853858690414,38.3429190630991,24.172709844127695,195.477235,202.5104,-46.55611922158688,-45.024312013829665,16.016016016016017,62.03101550775388
177,TK479_2,174.0,L2/3,C2,PV,7.85,-0.03481391090644743,3.3991507430997876,-0.045057822266654696,0.007057091571167455,0.0010026261063087612,5.046889379528049e-05,192.62653859649126,195.7649157894737,-55.07111776491352,-52.47251154084109,35.008752188047005,48.34541968825539,195.5878142857143,204.83430555555555,-52.24175454876096,-46.973934448522705,32.890032890032884,80.7546630458086
178,TK479_3,240.0,L2/3,C2,PV,9.94,-0.042919535753129776,0.845271629778672,-0.047532937592005914,0.003062292630777324,0.00036390577131507375,4.2262343753749474e-05,194.29632017543858,215.2514710526316,-52.56337577904363,-50.59394482777723,37.50937734433608,53.34667000083354,198.62076346153847,203.66029615384613,-51.86872468007102,-46.510618105934654,43.8900438900439,137.37638049794128
179,TK480_1,245.0,L2/3,C2,PV,41.7,-0.03878826965088651,1.0264388489208633,-0.045144858686366016,0.00574967763011735,0.0007495456208064178,6.757882639389167e-05,191.4735495614035,195.20162280701754,-58.21891597094806,-53.89141884019634,21.255313828457112,47.92864882887388,196.69740624999997,199.0177125,-52.90156563952967,-51.203721463862074,25.025025025025023,60.03001500750375
180,TK480_2,235.0,L2/3,C2,PV,18.683333333333334,-0.04004116178037537,0.8022301516503122,-0.047987466728842486,0.00519563855188307,0.0006783309987675621,5.502493558809552e-05,187.03758201754385,193.4061144736842,-52.29808672368934,-50.58855835205084,38.3429190630991,30.42427273485038,193.53764031172648,199.91871736058147,-50.44326299326651,-47.84768045514072,34.45793694240046,78.61112095543491
181,TK480_3,338.0,L2/3,C2,PV,27.75,-0.04519299723650416,1.1218918918918919,-0.05386812136089888,0.007461755374368315,0.0010632723806774191,8.27701951816543e-05,204.22288987854253,205.62493765182182,-51.19463277253259,-48.60416966632509,47.70423375074539,83.48240906380441,201.486720625,205.27683944444445,-48.92863884921918,-46.877645548409944,57.05705705705706,132.31615807903955
182,TK485_1,368.0,L2/3,C2,EXC,3.8333333333333335,-0.04584537431645219,2.1469565217391304,-0.05366468052455881,0.003033851124152834,0.0004917120619196268,1.866245219321404e-05,192.56116929824563,199.48418596491229,-61.435350712707994,-62.603048206021334,1.6670834375260482,0.0,198.28797727272726,202.39631313131315,-64.0106184600717,-64.48782506881285,0.0,0.0
183,TK485_2,400.0,L2/3,C2,EXC,4.958333333333333,-0.04439626527698014,1.5852941176470587,-0.055255384796466356,0.006618829676805079,0.0009752056013453127,3.9058867934578196e-05,193.66786913875595,199.12984066985646,-65.48762878815427,-66.43985821489504,0.4546591193252859,0.22732955966264295,195.1878734375,201.01847430555557,-62.969725753825315,-63.79720744476171,0.0,0.0
184,TK485_3,234.0,L2/3,C2,PV,1.1611111111111112,-0.04068549499115451,1.740909090909091,-0.053933812958601855,0.004732868170203328,0.0006212521437091198,3.5072825180720045e-05,195.06077719298247,203.8673473684211,-58.35150068317403,-51.51220431667587,6.668333750104193,16.67083437526048,200.56575999999998,203.71125999999998,-54.23010640283581,-50.116330236149025,20.02002002002002,24.0120060030015
185,TK489_1,374.0,L2/3,C2,SST,22.016666666666666,-0.04318795743567818,0.476987130961393,-0.05384459826064712,0.007070153694346297,0.0008884723295778397,9.973688000719507e-05,189.18556992481206,200.42584436090226,-49.57571408161484,-49.22314733105092,1.4289286607366125,4.286785982209838,189.69587954545452,192.82449292929292,-54.597783255448505,-52.34467445023975,4.55000455000455,18.190913638637504
186,TK489_2,443.0,L4,C2,SST,6.1,-0.0429245904861717,0.6872950819672131,-0.051589456537401684,0.003941970276593866,0.0004957168467073771,7.022349042203177e-05,192.14467067669173,198.79887744360903,-50.35132049048027,-51.015788282007556,5.001250312578145,6.4301789733147565,186.196785,192.69726888888889,-53.34792413991484,-50.633266522120614,0.0,28.01400700350175
187,TK489_3,423.0,L4,C2,SST,0.25,-0.043335,0.95,-0.06257134880078123,0.004478964086524024,0.0006410138231255979,3.3676793590083446e-05,144.3153157075077,154.03972643054306,-51.94633604771587,-53.22052271344369,5.904079265676664,5.135839762235482,188.31704423076923,192.16397264957266,-54.18648734406141,-47.34886140131688,23.100023100023098,153.1534998268365
188,TK489_4,463.0,L4,C2,SST,0.125,-0.0421534375,1.7700000000000002,-0.060533454445312496,0.004611728512138641,0.0005273520990035453,3.358828648361838e-05,189.48822344497611,196.54526650717702,-55.93810950898634,-55.84142481782563,5.001250312578145,3.1826138352770013,188.63924166666666,190.8675511111111,-56.07959096237137,-56.92010546178196,9.342676009342677,13.340003335000835
189,TK490_1,375.0,L2/3,C2,EXC,0.35,-0.040802232142857144,1.4642857142857142,-0.06113865857031252,0.004978208855623394,0.0007110463339776045,5.882500795691867e-05,178.13845263157893,194.7577355263158,-69.66486587832648,-65.98432968250128,0.0,0.0,179.55379705882353,183.2274705882353,-67.63300880723025,-64.43735341053325,0.0,0.0
190,TK490_2,222.0,L2/3,C2,SST,3.1,-0.038924411962365596,1.1045698924731184,-0.054523853046874994,0.006237583798188379,0.0007205666715823817,5.709189433118278e-05,190.36572631578952,202.97675157894733,-49.75890135975544,-50.42277999561791,5.50137534383596,3.0007501875468874,184.46439125,194.05088111111112,-54.20094571332761,-55.53072011657204,0.0,0.5002501250625313
191,TK490_3,245.0,L2/3,C2,SST,0.375,-0.040271458333333336,2.436666666666667,-0.05620488795898436,0.0050439883907176485,0.0005917611480622027,2.5844780663595442e-05,194.29245263157893,208.1517842105263,-53.02392421004399,-55.10774319841332,5.001250312578145,5.001250312578145,191.99794880768286,199.7563996003486,-52.28549986160512,-51.64905483769213,8.013646023467118,18.354518047608483
192,TK490_4,211.0,L2/3,C2,SST,0.5,-0.04053625,1.1025000000000003,-0.059758958863281246,0.005032604809654338,0.0006401256010664061,7.437044762156889e-05,196.5490978947368,210.89049684210525,-57.87885082263587,-55.78949154480819,5.001250312578145,5.001250312578145,202.39714166666667,212.28074814814812,-53.92906901743836,-47.81405002669883,4.448893337782226,26.68000667000167
193,TK490_5,233.0,L2/3,C2,SST,0.0,-0.04043541666666666,0.8376438821680559,-0.06866278462500001,0.006043327511631011,0.0006893440335442109,2.4763445255600388e-05,144.3153157075077,154.03972643054306,-51.94633604771586,-53.22052271344369,5.904079265676665,5.135839762235482,201.5861833333333,214.3020037037037,-56.38106138002447,-56.68778248196871,0.0,0.0
194,TK491_1,436.0,L4,C2,PV,0.05,-0.042909375,1.25,-0.06720609793750001,0.006052870931420214,0.0007410220537674111,4.192725203997745e-05,191.20468930921052,198.81131644736843,-49.21786114677012,-45.667349793159524,23.912228057014254,45.948987246811704,187.91890312499996,193.00470740740738,-46.09846654300628,-43.61242084457025,55.05505505505506,138.40253460063366
195,TK491_2,448.0,L4,C2,PV,0.025,-0.03888125,1.2,-0.0625780537265625,0.004076345567381566,0.0005401188649690594,3.232567939817516e-05,171.22870263157895,184.6511605263158,-58.637252221912135,-55.02212498506576,17.504376094023506,52.51312828207052,193.53764031172645,199.9187173605815,-50.44326299326651,-47.84768045514071,34.45793694240046,78.6111209554349
196,TK491_3,448.0,L4,C2,PV,0.15,-0.046335416666666664,2.6666666666666665,-0.06445432590625001,0.005386584368738001,0.0007392272204383148,5.1625912658118975e-05,173.34149342105266,179.91525986842106,-57.74395275557565,-54.170808094181176,33.13328332083021,41.88547136784196,178.6199785714286,187.20447936507935,-50.70168093475649,-50.68079024244459,54.34005434005434,84.32787822482669
197,TK494_1,425.0,L4,C2,SST,0.1,-0.0386140625,0.7749999999999999,-0.06369268445312501,0.0038609869379611357,0.0004557896843659116,6.33563807908679e-05,192.80857697368424,201.1128888157895,-53.76293032540641,-53.46615472582505,6.25156289072268,6.25156289072268,188.93023300000002,196.2044911111111,-52.9942234545347,-52.46051687288918,6.406406406406406,11.605802901450728
198,TK494_2,341.0,L4,C2,SST,0.4,-0.045289062500000005,2.0125,-0.06212257243554689,0.006595936868505046,0.0007827059852886949,2.6539035672430685e-05,186.12747669172933,201.82468721804509,-57.46149370722407,-55.28760068342715,4.286785982209838,8.573571964419678,185.26263863636365,192.40816161616164,-56.78618210551533,-55.489051329764806,3.64000364000364,6.366819773523125
199,TK495_1,525.0,L4,C2,SST,0.15,-0.04305833333333333,3.0833333333333335,-0.05749230277734377,0.004526609621710744,0.0005193650425460646,4.443715268333395e-05,187.48328815789478,190.8087763157895,-54.15796033922174,-50.112324929597435,2.5006251562890727,15.003750937734434,186.5175854166667,194.68230277777778,-52.089452401906556,-54.9273606674563,11.678345011678346,9.171252292813072
200,TK495_2,469.0,L4,C2,SST,0.85,-0.037296507352941176,1.4529411764705882,-0.05847370163281251,0.008932487677161184,0.0010910609323865742,4.3967662886173234e-05,193.61830263157896,203.64749342105264,-56.62472455071526,-54.26645015091441,0.0,0.0,188.24239375,194.84595833333336,-55.988677920511115,-54.8132988559375,5.005005005005005,20.01000500250125
201,TK495_3,460.0,L4,C2,SST,0.15,-0.03474010416666667,1.6916666666666667,-0.04669928889411095,0.002859326444604898,0.00037424489794622354,3.27418513558735e-05,192.8895421052632,202.51200197368422,-60.551038884592266,-60.07676793437615,0.0,0.0,190.8176382352941,198.4835183006536,-60.25575353293623,-58.9595640712025,0.0,3.531177353382573
202,TK496_1,410.0,L4,C2,EXC,0.1,-0.035732291666666666,1.48,-0.04917787643229168,0.004799622098487779,0.0005129214497214418,5.788173885229242e-05,197.902901754386,208.15679736842105,-61.59459259017123,-60.271693762968134,0.41677085938151204,0.0,198.14312124999998,206.4615361111111,-60.17523022544458,-60.008843741998504,0.0,0.5002501250625313
203,TK496_2,425.0,L4,C2,EXC,3.25,-0.028421923076923077,0.5638461538461538,-0.038375156066406256,0.00519625489066976,0.0005178066042933489,4.2924851881509864e-05,198.86301842105266,215.14772631578947,-51.12420282895704,-55.54748033902422,6.001500375093775,0.5001250312578145,196.8157410714286,204.74600317460317,-54.39994007466655,-57.429794549187534,0.0,0.7146430358036161
204,TK496_3,425.0,L4,C2,EXC,0.0,-0.028421923076923077,0.7685933316008711,-0.055530250619328585,0.002618326322530554,0.0003406413637543087,2.0512058563453972e-05,199.47462280701754,214.74500263157896,-53.69698151288514,-53.45252145066301,1.6670834375260482,2.5006251562890727,197.9931704545455,204.14918282828282,-51.92555771840638,-47.02221857685566,1.82000182000182,6.366819773523125
205,TK496_4,430.0,L4,C2,EXC,0.12777777777777777,-0.028908916936437972,1.589130434782609,-0.05584978104890215,0.004464835690181648,0.0005714227645855753,4.8249484652891636e-05,194.19200263157893,197.95311666666666,-66.11432107462984,-68.50167187231001,0.0,0.0,197.0900375,208.10045185185186,-68.43424614591945,-66.27895459554665,0.0,3.3350008337502084
206,TK497_1,432.0,L4,C2,EXC,0.42,-0.03995922571491627,1.0333333333333334,-0.05622121321806032,0.003967732821925812,0.0004568519228154264,5.498339979947073e-05,189.51322236842105,189.84840789473682,-62.09629295183777,-62.641309239681824,0.0,0.0,118.54199028718637,124.31870464001408,-58.47771440704522,-55.73732006990284,1.1531754519362096,3.09196237472131
207,TK497_2,500.0,L4,C2,EXC,0.125,-0.04611079496416179,1.825,-0.06690864181249519,0.004325912882239011,0.0005572699577658931,2.7882657072324656e-05,193.18790789473684,201.05777631578948,-57.60434794170767,-54.666415289156824,0.0,0.0,187.38057083333334,190.2171564814815,-53.929567461320865,-49.46080433889407,2.5025025025025025,9.58812739703185
208,TK497_3,440.0,L4,C2,EXC,0.9785714285714285,-0.04160374112046548,1.179197080291971,-0.05568145524159169,0.004009783494296207,0.0004789397771362854,5.5337010912682944e-05,193.28744342105264,204.24987631578946,-70.24854226771014,-67.77037651330126,0.0,0.0,196.28246666666666,199.46232592592594,-63.284296894531174,-63.0846981915348,0.0,0.0
209,TK498_1,415.0,L4,C2,EXC,15.361202369632434,-0.03527129372395567,1.1029752770673489,-0.04735107669999096,0.008092275495811088,0.0007820525675548461,7.30157327589461e-05,187.36945906432754,192.83285614035097,-54.99966302957277,-56.15411606517058,5.5569447917534935,3.8898613542274454,185.58139642857142,191.45243333333335,-49.90492503587789,-52.72293623037303,2.8600028600028597,0.0
210,TK499_1,444.0,L4,C2,EXC,0.05,-0.04533020499999999,0.7333333333333334,-0.05828680495392211,0.001825145445579796,0.00019337656202174093,2.7899258497679372e-05,186.06720877192984,207.3885105263158,-60.625676687324045,-64.08688188633633,6.668333750104193,1.6670834375260482,118.54199028718637,124.31870464001406,-58.47771440704521,-55.73732006990284,1.1531754519362096,3.0919623747213105
211,TK499_2,449.0,L4,C2,EXC,1.6055555555555556,-0.03506179708823529,2.4519031141868513,-0.05341693952199192,0.007625301256801091,0.0010249295442694316,2.836287450704289e-05,192.19846616541352,198.79672556390977,-57.23726257873046,-54.10579257251757,1.4289286607366125,5.001250312578145,191.6493716666667,197.3510925925926,-55.378518914336055,-55.37619007395256,1.3346680013346681,4.669001167250292
212,TK499_3,449.0,L4,C2,EXC,6.28,-0.0400690452096603,1.0288747346072187,-0.053170925171533434,0.006344584723242107,0.0006189390624581475,4.389426522865573e-05,199.4105960526316,217.0812605263158,-54.4434586021788,-54.979250507553346,0.0,0.0,118.54199028718637,124.31870464001409,-58.47771440704521,-55.73732006990285,1.1531754519362096,3.09196237472131
213,TK502_1,269.0,L2/3,C2,PV,5.6433333333333335,-0.041210412356172475,1.3004134672179561,-0.05262722580424458,0.006214380042966478,0.0007849406317461453,4.0998242970862115e-05,191.74152280701753,193.89239239766084,-62.52483016685746,-54.11796153578217,13.336667500208387,30.00750187546887,194.06529687500003,200.49890694444446,-52.3955223588311,-50.74710565141548,33.78378378378378,71.91095547773887
214,TK502_2,185.0,L2/3,C2,PV,8.53888888888889,-0.045118731718282366,0.8552700065061808,-0.053958574275045135,0.004271120737203228,0.0004996397610972736,4.444456222151632e-05,192.26077894736838,195.5537476076555,-45.86827135913751,-43.00007475393607,26.597558480529223,31.826138352770005,193.08289166666668,199.42888148148148,-41.255183437564554,-40.602634929201514,46.713380046713375,61.69751542437885
215,TK502_3,264.0,L2/3,C2,PV,6.979166666666667,-0.04516086753014925,0.7594626865671641,-0.05295765732226944,0.003026637804204174,0.0003319359184365552,4.736849061544154e-05,181.38216140350877,184.6160105263158,-56.94242570551671,-55.52362646882491,20.838542969075597,15.837292656497457,195.75431666666665,201.1674222222222,-53.824942295995065,-49.79430186979757,6.673340006673339,65.03251625812906
216,TK504_1,435.0,L4,C2,EXC,0.005208333333333333,-0.04447279363906734,0.53,-0.05145583940178945,0.0013329944386239363,0.00015306451947633723,1.9506055576527093e-05,184.6210315789474,198.9699622807018,-61.13108630105623,-59.29799493111049,1.6670834375260482,2.5006251562890727,185.172645,192.28519777777777,-62.245008241656144,-59.59433543830272,0.0,0.0
217,TK504_2,570.0,L5,S1,EXC,3.341666666666667,-0.04383955991293533,0.7230049875311719,-0.05679485208038557,0.002602308279643418,0.0003211170152988307,3.039232986988937e-05,186.89964736842103,198.71617593984965,-58.2438524928381,-58.078851222519745,3.572321651841531,1.4289286607366125,184.33225000000002,189.7099428571429,-52.30937052311167,-54.52346967381772,4.29000429000429,0.7146430358036161
218,TK506_1,169.0,L2/3,C2,SST,7.17,-0.038678565189679215,0.9598558809855879,-0.046029172312386894,0.0030889710152398634,0.000331427084897169,4.850299365257293e-05,188.60809649122808,202.06907134502922,-52.26469761332739,-52.892538610505355,2.7784723958767468,6.1126392709288435,191.99794880768286,199.7563996003486,-52.28549986160512,-51.64905483769213,8.013646023467118,18.354518047608483
219,TK506_2,167.0,L2/3,C2,SST,6.233333333333333,-0.04542175632887701,0.7862834224598931,-0.05533498691412553,0.003917827325892342,0.0005124674600500645,5.03786218395458e-05,186.7999043062201,196.03033014354068,-47.442141888835835,-51.028189911004155,15.003750937734434,4.091932073927573,191.11984999999999,199.87199777777778,-51.27092191981303,-55.850265319340494,4.004004004004004,0.0
220,TK506_3,199.0,L2/3,C2,SST,20.15,-0.038273467207609595,0.34098428453267166,-0.052009348940495824,0.00692598222437586,0.0007221075891233706,9.523454738833474e-05,182.34930789473688,189.8853218421052,-48.15459484919317,-49.77167338672357,5.50137534383596,4.251062765691423,183.44067291666667,188.7086685185185,-53.036154675811815,-56.20029625478438,1.6683350016683347,2.501250625312656
221,TK507_1,374.0,L2/3,C2,SST,6.25,-0.04771587593392592,0.5850814814814814,-0.05702902944910462,0.0039047390547002725,0.0004950328779852681,6.537575427361918e-05,183.9551596491228,201.70612456140353,-59.44870860675761,-57.43758739888545,0.0,0.0,191.99794880768286,199.7563996003486,-52.285499861605125,-51.64905483769213,8.013646023467118,18.354518047608483
222,TK507_2,434.0,L4,C2,SST,14.5,-0.03990032409628647,0.6489124668435013,-0.048532495343536125,0.005126790455301922,0.0006248800723182986,8.864825134033611e-05,182.63021315789476,200.84803421052632,-53.05145298622275,-49.938876408095375,5.001250312578145,17.504376094023506,191.99794880768283,199.7563996003486,-52.28549986160512,-51.64905483769212,8.013646023467118,18.354518047608483
223,TK507_3,467.0,L4,C2,SST,2.61,-0.0447257661954023,0.5915708812260537,-0.056313826717306004,0.00410552493603381,0.0004776830661648935,5.7509803765047955e-05,180.49381578947373,193.3532434210526,-56.797475939461656,-52.76169862836889,2.5006251562890727,13.753438359589898,191.99794880768283,199.75639960034857,-52.28549986160512,-51.64905483769213,8.013646023467118,18.35451804760848
224,TK509_1,460.0,L4,C2,EXC,45.32272727272727,-0.041269641653595424,0.4295857988165681,-0.05049830870719034,0.00610558044263827,0.000815304124518353,9.223106003401432e-05,192.21265696594423,200.31203622291022,-53.3459749348366,-52.44950470670754,3.236103143432917,4.707059117720606,190.54740500000003,196.39276444444445,-54.4406016081766,-54.63385920502025,2.002002002002002,0.0
225,TK509_2,465.0,L4,C2,PV,34.833333333333336,-0.040959693493779904,0.2854545454545454,-0.05165352219374583,0.0068152909507021055,0.0009601482440741531,8.179073403559961e-05,191.27351017543856,198.28453122807016,-53.701343632176666,-51.36841004660443,139.70159206468284,165.70809369008919,190.1534592105263,195.94283859649124,-53.00154305747924,-51.01066919605007,84.29482113692639,103.20949948658539
226,TK511_1,390.0,L2/3,C2,PV,42.578125,-0.0402227256747156,0.3797908256880734,-0.05059248417591789,0.006654757346952048,0.0008959018456384429,8.916636801639238e-05,186.06572157894738,197.21043210526318,-57.66222048885597,-52.90370942965402,3.500875218804701,26.006501625406354,187.23741428571427,196.74229206349207,-52.44770670648203,-50.17632900645655,51.48005148005148,84.80430691536242
227,TK511_2,474.0,L4,C2,PV,42.435,-0.04369460938647343,0.3956934134558737,-0.0523936769319099,0.005834069277797115,0.0007646267294642688,8.861516306890313e-05,191.22337894736845,202.43137703349282,-58.802278317650526,-52.0097771003276,10.00250062515629,29.552842756143583,191.93263534482753,195.80518199233717,-53.677859919793136,-50.451533487582395,22.091056573815194,63.82501595625399
228,TK512_1,455.0,L4,C2,PV,32.85,-0.039010361716894974,0.40733975985117543,-0.04913660007150266,0.005956637006563053,0.0007602298179196264,0.00010432822245478625,201.19365380116957,208.95521461988304,-53.57945670547547,-53.52103836125144,22.78347364618932,10.00250062515629,197.97582121212125,206.2356437710438,-52.06180173971491,-47.810136415256444,15.1666818333485,91.2577500871648
229,TK512_2,481.0,L4,C2,PV,0.95,-0.03858858570526316,1.7789473684210533,-0.06053513325182225,0.00651640830813204,0.0008503594786209843,4.4181623328949325e-05,197.56117302631577,205.30841414473682,-57.26411678045923,-53.01353773503533,1.2503125781445363,3.7509377344336086,200.560505,207.52158888888889,-50.82537541449012,-50.30273708900209,8.008008008008009,16.008004002001
230,TK516_1,421.0,L4,C2,SST,4.24375,-0.03652880147864507,0.7537555228276878,-0.04920175209873453,0.00456938370455174,0.00047542585576302134,7.439362561052662e-05,181.73892200956936,188.35497440191386,-60.6013747608646,-56.71884922633331,2.045966036963786,4.319261633590215,188.8774640625,199.49314166666667,-57.80685643942449,-54.10987956659842,1.2512512512512513,21.26063031515758
231,TK516_2,457.0,L4,C2,SST,0.5,-0.04595749966666667,0.5016666666666667,-0.060371763492316655,0.0033653160691724773,0.0004764021766878296,3.712808177157521e-05,183.1974407894737,186.36850921052633,-47.1477171211577,-50.379373598743854,5.001250312578145,0.0,190.05177763157894,198.70633099415207,-51.51946059320296,-49.42905048883554,0.0,8.425265264211053
232,TK523_1,204.0,L2/3,C2,VIP,1.27,-0.045247858391608387,0.5728346456692911,-0.06365537833265249,0.004052571153772913,0.00048418835064887515,6.793123184148625e-05,187.65447033492828,195.02785980861248,-36.328026906786114,-31.185084306144912,25.915569801541295,36.37272954602287,194.30411500000002,199.37268444444445,-34.487547156996584,-39.046204053796636,34.034034034034036,31.01550775387694
233,TK523_2,180.0,L2/3,C2,VIP,6.425,-0.042256189105058364,0.6745136186770428,-0.050838644130437496,0.0035920524442590177,0.0004169043222234586,3.919966385050618e-05,190.37565087719295,191.93736140350876,-42.99873041237019,-41.55433978231318,35.00875218804701,41.677085938151194,192.4768272727273,199.41345252525252,-40.72385587447874,-42.4234227442359,49.14004914004915,42.74864705079812
234,TK532_1,351.0,L4,S1,EXC,5.5625,-0.04125332156629214,0.7748314606741572,-0.04971706032128688,0.0038607412436421646,0.0004250249318934757,2.8394420504131413e-05,190.9820886639676,202.0089935222672,-65.83402801769763,-62.52195472918969,0.38471156250601113,0.7694231250120223,192.97419038461538,200.12639401709401,-65.04584481807282,-64.78942272120224,0.0,0.0
235,TK538_1,391.0,L4,C2,EXC,0.4,-0.04394494211340206,0.6375000000000001,-0.05833390401048668,0.0028418764527512515,0.00033827960082968893,2.8239109314447477e-05,181.88439548872182,193.6317172932331,-60.69017585749838,-60.86778737153828,0.0,0.0,191.8627,197.3586851851852,-59.287022249469,-57.6446374439437,0.0,3.3350008337502084
236,TK539_1,380.0,L4,C2,EXC,33.46,-0.042586908811416614,0.42319187089061566,-0.05130267534093676,0.006347126596225229,0.0008674821370718488,8.973177386908325e-05,193.19058446115287,202.99613208020048,-57.38879125050347,-56.91673580068307,0.0,0.23815477678943545,188.72305952380952,196.35157301587302,-53.282844371915054,-50.47745405170275,3.8133371466704795,0.47642869053574405
237,TK539_2,460.0,L4,C2,EXC,20.5,-0.044699735733333336,0.5133739837398373,-0.055808341587495404,0.006227138701789796,0.0008421135284555857,0.00010627401691180829,193.242949122807,215.82462807017544,-64.18211720657219,-59.03016094601193,0.0,0.0,193.78435454545456,198.24253333333334,-61.87390605534292,-58.935949984041365,0.0,0.0
238,TK545_1,432.0,L4,C2,EXC,18.75,-0.040905100056,0.5329333333333333,-0.04946957560211625,0.005034024272074852,0.0006543757317292723,0.00010432107639177476,181.05527210526316,185.47820052631576,-57.20001008780091,-57.26292853749751,1.000250062515629,0.0,202.12879999999996,207.67641111111112,-54.048960726582685,-56.286450084424615,0.0,0.0
239,TK545_2,390.0,L4,C2,EXC,29.116666666666667,-0.043915728365210654,0.39039782484258734,-0.05517982722371354,0.004857357126900701,0.0006408298028680407,9.497493814575406e-05,186.88071052631577,193.24294035087718,-66.06626043495787,-63.2883751264441,0.0,1.6670834375260482,196.85152499999998,207.5332888888889,-56.089676087862344,-60.49363232695806,0.0,0.0
